{
    "display": {
        "icon": {
            "id": "minecraft:totem_of_undying",
            "components": {"minecraft:custom_model_data":557}
        },
        "title": {
            "translate": "lbc.adv.totem.devil"
        },
        "description": {
            "translate": "lbc.adv.totem.devil.lore"
        },
        "frame": "task",
        "show_toast": true,
        "announce_to_chat": true,
        "hidden": false
    },
    "parent": "lbc:true_advancements/totems/infinite",
    "criteria": {
        "requirement": {
            "trigger": "minecraft:impossible"
        }
    }
}