{
    "display": {
        "icon": {
            "id": "minecraft:totem_of_undying",
            "components": {"minecraft:enchantment_glint_override": true}
        },
        "title": {
            "translate": "lbc.adv.totem.infinite"
        },
        "description": {
            "translate": "lbc.adv.totem.infinite.lore"
        },
        "frame": "task",
        "show_toast": true,
        "announce_to_chat": true,
        "hidden": false
    },
    "parent": "lbc:true_advancements/totems",
    "criteria": {
        "requirement": {
            "trigger": "minecraft:used_totem",
            "conditions": {
                "item": {
                    "predicates": {
                        "minecraft:enchantments": [
                            {
                                "enchantments": "minecraft:infinity",
                                "levels": 1
                            }
                        ],
                        "minecraft:custom_data": {
                          "transformable": true,
                          "totem": true
                        }
                      }
                },
                "player": [
                    {
                        "condition": "minecraft:inverted",
                        "term": {
                            "condition": "minecraft:entity_properties",
                            "entity": "this",
                            "predicate": {
                                "location": {
                                    "dimension": "minecraft:nexus"
                                }
                            }
                        }
                    }
                ]
            }
        }
    }
}