{
    "display": {
        "icon": {
            "id": "minecraft:crossbow",
            "components": {
                "minecraft:enchantment_glint_override": true
            }
        },
        "title": {
            "translate": "lbc.adv.bow.blaze"
        },
        "description": {
            "translate": "lbc.adv.bow.blaze.lore"
        },
        "frame": "goal",
        "show_toast": true,
        "announce_to_chat": true,
        "hidden": false
    },
    "parent": "lbc:true_advancements/bows/minigun",
    "criteria": {
        "requirement": {
            "trigger": "minecraft:inventory_changed",
            "conditions": {
                "player": [
                    {
                        "condition": "minecraft:inverted",
                        "term": {
                            "condition": "minecraft:entity_properties",
                            "entity": "this",
                            "predicate": {
                                "nbt": "{playerGameType:3}"
                            }
                        }
                    }
                ],
                "items": [
                    {
                        "predicates": {
                            "minecraft:custom_data": {
                                "transformable": true,
                                "bow": true,
                                "fastfired": true
                            }
                        }
                    }
                ]
            }
        }
    },
    "rewards": {
        "function": "lbc:swrg_kit_integration/gain/skill_minigun"
    }
}