{
    "display": {
        "icon": {
            "id": "minecraft:bow",
            "components": {"minecraft:custom_model_data":542}
        },
        "title": {
            "translate": "lbc.adv.bow.firework"
        },
        "description": {
            "translate": "lbc.adv.bow.firework.lore"
        },
        "frame": "task",
        "show_toast": true,
        "announce_to_chat": true,
        "hidden": false
    },
    "parent": "lbc:true_advancements/bows/randchanted",
    "criteria": {
        "requirement": {
            "trigger": "minecraft:impossible"
        }
    },
    "rewards": {
        "function": "lbc:swrg_kit_integration/gain/kit"
    }
}