{
    "display": {
        "icon": {
            "id": "minecraft:crossbow",
            "components": {
                "minecraft:enchantment_glint_override": true
            }
        },
        "title": {
            "translate": "lbc.adv.bow.minigun"
        },
        "description": {
            "translate": "lbc.adv.bow.minigun.lore"
        },
        "frame": "task",
        "show_toast": true,
        "announce_to_chat": true,
        "hidden": false
    },
    "parent": "lbc:true_advancements/bows/double",
    "criteria": {
        "requirement": {
            "trigger": "minecraft:impossible"
        }
    },
    "rewards": {
        "function": "lbc:swrg_kit_integration/gain/skill"
    }
}