{
    "display": {
        "icon": {
            "id": "minecraft:crossbow",
            "components": {
                "minecraft:custom_model_data": 500,
                "minecraft:charged_projectiles": []
            }
        },
        "title": {
            "translate": "lbc.adv.bow.penis_gun"
        },
        "description": {
            "translate": "lbc.adv.bow.penis_gun.lore"
        },
        "frame": "challenge",
        "show_toast": true,
        "announce_to_chat": true,
        "hidden": false
    },
    "parent": "lbc:true_advancements/bows/ghast",
    "criteria": {
        "requirement": {
            "trigger": "minecraft:inventory_changed",
            "conditions": {
                "player": [
                    {
                        "condition": "minecraft:inverted",
                        "term": {
                            "condition": "minecraft:entity_properties",
                            "entity": "this",
                            "predicate": {
                                "nbt": "{playerGameType:3}"
                            }
                        }
                    }
                ],
                "items": [
                    {
                        "predicates": {
                            "minecraft:custom_data": {
                              "transformable": true,
                              "bow": true,
                              "penisgun": true
                            }
                          }
                    }
                ]
            }
        }
    },
    "rewards": {
        "function": "lbc:swrg_kit_integration/gain/trinket"
    }
}