{
    "display": {
        "icon": {
            "id": "minecraft:bow",
            "components": {
                "minecraft:enchantment_glint_override": true
            }
        },
        "title": {
            "translate": "lbc.adv.bow.randchanted"
        },
        "description": {
            "translate": "lbc.adv.bow.randchanted.lore"
        },
        "frame": "task",
        "show_toast": true,
        "announce_to_chat": true,
        "hidden": false
    },
    "parent": "lbc:true_advancements/bows",
    "criteria": {
        "requirement": {
            "trigger": "minecraft:inventory_changed",
            "conditions": {
                "player": [
                    {
                        "condition": "minecraft:inverted",
                        "term": {
                            "condition": "minecraft:entity_properties",
                            "entity": "this",
                            "predicate": {
                                "nbt": "{playerGameType:3}"
                            }
                        }
                    }
                ],
                "items": [
                    {
                        "predicates": {
                            "minecraft:custom_data": "{transformable: 1,bow: 1,randchanted: 1}"
                        }
                    },
                    {
                        "predicates": {
                            "minecraft:enchantments": [
                                {
                                    "enchantments": "minecraft:infinity",
                                    "levels": {
                                        "min": 1
                                    }
                                },
                                {
                                    "enchantments": "minecraft:power",
                                    "levels": {
                                        "min": 1
                                    }
                                },
                                {
                                    "enchantments": "minecraft:unbreaking",
                                    "levels": {
                                        "min": 1
                                    }
                                },
                                {
                                    "enchantments": "minecraft:flame",
                                    "levels": {
                                        "min": 1
                                    }
                                },
                                {
                                    "enchantments": "minecraft:punch",
                                    "levels": {
                                        "min": 1
                                    }
                                }
                            ]
                        }
                    }
                ]
            }
        }
    },
    "rewards": {
        "function": "lbc:swrg_kit_integration/gain/levelup"
    }
}