{
    "display": {
        "icon": {
            "id": "minecraft:netherite_hoe",
            "components": {
                "minecraft:enchantment_glint_override": true
            }
        },
        "title": {
            "translate": "lbc.adv.hoe.op_hoe"
        },
        "description": {
            "translate": "lbc.adv.hoe.op_hoe.lore"
        },
        "frame": "task",
        "show_toast": true,
        "announce_to_chat": true,
        "hidden": false
    },
    "parent": "lbc:true_advancements/hoes",
    "criteria": {
        "requirement": {
            "trigger": "minecraft:item_used_on_block",
            "conditions": {
                "player": [
                    {
                        "condition": "minecraft:inverted",
                        "term": {
                            "condition": "minecraft:entity_properties",
                            "entity": "this",
                            "predicate": {
                                "nbt": "{playerGameType:3}"
                            }
                        }
                    },
                    {
                        "condition": "minecraft:entity_properties",
                        "entity": "this",
                        "predicate": {
                            "equipment": {
                                "mainhand": {
                                    "predicates": {
                                        "minecraft:custom_data": "{transformable:1,hoe:1,op_hoe:1}"
                                    }
                                }
                            }
                        }
                    }
                ]
            }
        }
    },
    "rewards": {
        "function": "lbc:swrg_kit_integration/gain/kit"
    }
}