{
    "display": {
        "icon": {
            "id": "minecraft:iron_hoe",
            "components": {"minecraft:custom_model_data":591}
        },
        "title": {
            "translate": "lbc.adv.hoe.sickle"
        },
        "description": {
            "translate": "lbc.adv.hoe.sickle.lore"
        },
        "frame": "task",
        "show_toast": true,
        "announce_to_chat": true,
        "hidden": false
    },
    "parent": "lbc:true_advancements/hoes/op_hoe",
    "criteria": {
        "requirement": {
            "trigger": "minecraft:player_hurt_entity",
            "conditions": {
                "player": [
                    {
                        "condition": "minecraft:entity_properties",
                        "entity": "this",
                        "predicate": {
                            "equipment": {
                                "mainhand": {
                                    "predicates": {
                                        "minecraft:custom_data": {
                                          "transformable": true,
                                          "hoe": true,
                                          "sickle": true
                                        }
                                      }
                                }
                            }
                        }
                    }
                ],
                "entity": [
                    {
                        "condition": "minecraft:entity_properties",
                        "entity": "this",
                        "predicate": {
                            "type": "minecraft:player"
                        }
                    }
                ]
            }
        }
    },
    "rewards": {
        "function": "lbc:swrg_kit_integration/gain/skill"
    }
}