{
    "display": {
        "icon": {
            "id": "minecraft:repeating_command_block",
            "components": {"minecraft:custom_model_data":606}
        },
        "title": {
            "translate": "lbc.adv.legends.absurd_child"
        },
        "description": {
            "translate": "lbc.adv.legends.absurd_child.lore"
        },
        "frame": "goal",
        "show_toast": true,
        "announce_to_chat": true,
        "hidden": false
    },
    "parent": "lbc:true_advancements/legends/witch_gens",
    "criteria": {
        "requirement": {
            "trigger": "minecraft:impossible"
        }
    }
}