{
    "display": {
        "icon": {
            "id": "minecraft:repeating_command_block",
            "components": {
                "minecraft:item_model": "lbc:avarice_diamond"
            }
        },
        "title": {
            "translate": "lbc.adv.legends.avarice_diamond"
        },
        "description": {
            "translate": "lbc.adv.legends.avarice_diamond.lore"
        },
        "frame": "goal",
        "show_toast": true,
        "announce_to_chat": true,
        "hidden": false
    },
    "parent": "lbc:true_advancements/legends/supernova",
    "criteria": {
        "requirement": {
            "trigger": "minecraft:impossible"
        }
    }
}