{
    "display": {
        "icon": {
            "id": "minecraft:snowball",
            "components": {
                "minecraft:item_model": "lbc:baffled_of_everything"
            }
        },
        "title": {
            "translate": "lbc.adv.legends.end_of_baffled"
        },
        "description": {
            "translate": "lbc.adv.legends.end_of_baffled.lore"
        },
        "frame": "challenge",
        "show_toast": true,
        "announce_to_chat": true,
        "hidden": false
    },
    "parent": "lbc:true_advancements/legends/end_of_everything",
    "criteria": {
        "requirement": {
            "trigger": "minecraft:impossible"
        }
    }
}