{
    "display": {
        "icon": {
            "id": "minecraft:repeating_command_block",
            "components": {"minecraft:custom_model_data":574}
        },
        "title": {
            "translate": "lbc.adv.legends.infinity"
        },
        "description": {
            "translate": "lbc.adv.legends.infinity.lore"
        },
        "frame": "challenge",
        "show_toast": true,
        "announce_to_chat": true,
        "hidden": false
    },
    "parent": "lbc:true_advancements/legends/kill_fat_skeleton",
    "criteria": {
        "requirement": {
            "trigger": "minecraft:impossible"
        }
    }
}