{
    "display": {
        "icon": {
            "id": "minecraft:yellow_shulker_box"
        },
        "title": {
            "translate": "lbc.adv.legends.sigma_shulker"
        },
        "description": {
            "translate": "lbc.adv.legends.sigma_shulker.lore"
        },
        "frame": "challenge",
        "show_toast": true,
        "announce_to_chat": true,
        "hidden": false
    },
    "parent": "lbc:true_advancements/legends/infinity_infinity_shulker",
    "criteria": {
        "requirement": {
            "trigger": "minecraft:inventory_changed",
            "conditions": {
                "player": [
                    {
                        "condition": "minecraft:inverted",
                        "term": {
                            "condition": "minecraft:entity_properties",
                            "entity": "this",
                            "predicate": {
                                "nbt": "{playerGameType:3}"
                            }
                        }
                    }
                ],
                "items": [
                    {
                        "predicates": {
                            "minecraft:custom_data": "{sigma_shulker:1}"
                        }
                    }
                ]
            }
        }
    }
}