{
    "display": {
        "icon": {
            "id": "minecraft:netherite_chestplate",
            "components": {"minecraft:enchantment_glint_override": true}
        },
        "title": {
            "translate": "lbc.adv.legends.kill_bob"
        },
        "description": {
            "translate": "lbc.adv.legends.kill_bob.lore"
        },
        "frame": "goal",
        "show_toast": true,
        "announce_to_chat": true,
        "hidden": false
    },
    "parent": "lbc:true_advancements/legends/end_of_baffled",
    "criteria": {
        "requirement": {
          "trigger": "minecraft:player_killed_entity",
          "conditions": {
            "player": [{
              "condition": "minecraft:inverted",
              "term": {
                "condition": "minecraft:entity_properties",
                "entity": "this",
                "predicate": {
                  "nbt": "{playerGameType:3}"
                }
              }
            }],
            "entity": [
              {
                "condition": "minecraft:entity_properties",
                "entity": "this",
                "predicate": {
                  "type": "minecraft:zombie",
                  "nbt": "{Tags:[\"bob\"]}"
                }
              }
            ]
          }
        }
      }
}