{
    "display": {
        "icon": {
            "id": "minecraft:bone",
            "components": {"minecraft:enchantment_glint_override": true}
        },
        "title": {
            "translate": "lbc.adv.legends.kill_fat_skeleton"
        },
        "description": {
            "translate": "lbc.adv.legends.kill_fat_skeleton.lore"
        },
        "frame": "task",
        "show_toast": true,
        "announce_to_chat": true,
        "hidden": false
    },
    "parent": "lbc:true_advancements/legends/kill_aimbob",
    "criteria": {
        "requirement": {
          "trigger": "minecraft:player_killed_entity",
          "conditions": {
            "player": [{
              "condition": "minecraft:inverted",
              "term": {
                "condition": "minecraft:entity_properties",
                "entity": "this",
                "predicate": {
                  "nbt": "{playerGameType:3}"
                }
              }
            }],
            "entity": [
              {
                "condition": "minecraft:entity_properties",
                "entity": "this",
                "predicate": {
                  "type": "minecraft:skeleton",
                  "nbt": "{Tags:[\"fat_skeleton\"]}"
                }
              }
            ]
          }
        }
      }
}