{
  "display": {
    "icon": {
      "id": "minecraft:golden_apple",
      "components": {
        "minecraft:custom_model_data": 580
      }
    },
    "title": {
      "translate": "lbc.adv.legends.kill_aimbob"
    },
    "description": {
      "translate": "lbc.adv.legends.kill_aimbob.lore"
    },
    "frame": "goal",
    "show_toast": true,
    "announce_to_chat": true,
    "hidden": false
  },
  "parent": "lbc:true_advancements/legends/kill_bob",
  "criteria": {
    "requirement": {
      "trigger": "minecraft:player_killed_entity",
      "conditions": {
        "player": [
          {
            "condition": "minecraft:inverted",
            "term": {
              "condition": "minecraft:entity_properties",
              "entity": "this",
              "predicate": {
                "nbt": "{playerGameType:3}"
              }
            }
          }
        ],
        "entity": [
          {
            "condition": "minecraft:entity_properties",
            "entity": "this",
            "predicate": {
              "type": "minecraft:skeleton",
              "nbt": "{Tags:[\"aimbob\"]}"
            }
          }
        ]
      }
    }
  }
}