{
    "display": {
        "icon": {
            "id": "minecraft:panda_spawn_egg",
            "components": {"minecraft:custom_model_data":574}
        },
        "title": {
            "translate": "lbc.adv.legends.kill_technoshish"
        },
        "description": {
            "translate": "lbc.adv.legends.kill_technoshish.lore"
        },
        "frame": "challenge",
        "show_toast": true,
        "announce_to_chat": true,
        "hidden": false
    },
    "parent": "lbc:true_advancements/legends/absurd_child",
    "criteria": {
        "requirement": {
          "trigger": "minecraft:player_killed_entity",
          "conditions": {
            "player": [{
              "condition": "minecraft:inverted",
              "term": {
                "condition": "minecraft:entity_properties",
                "entity": "this",
                "predicate": {
                  "nbt": "{playerGameType:3}"
                }
              }
            }],
            "entity": [
              {
                "condition": "minecraft:entity_properties",
                "entity": "this",
                "predicate": {
                  "type": "minecraft:skeleton",
                  "nbt": "{Tags:[\"cyborg_boss\"]}"
                }
              }
            ]
          }
        }
      }
}