{
    "display": {
        "icon": {
            "id": "minecraft:carrot_on_a_stick",
            "components": {"minecraft:custom_model_data":648}
        },
        "title": {
            "translate": "lbc.adv.legends.new_world"
        },
        "description": {
            "translate": "lbc.adv.legends.new_world.lore"
        },
        "frame": "challenge",
        "show_toast": true,
        "announce_to_chat": true,
        "hidden": false
    },
    "parent": "lbc:true_advancements/legends/supernova",
    "criteria": {
        "requirement": {
            "trigger": "minecraft:impossible"
        }
    }
}