{
    "display": {
        "icon": {
            "id": "minecraft:nether_star"
        },
        "title": {
            "translate": "lbc.adv.legends"
        },
        "description": {
            "translate": "lbc.adv.legends.lore"
        },
        "frame": "task",
        "show_toast": true,
        "announce_to_chat": false,
        "hidden": false
    },
    "parent": "lbc:true_advancements/root",
    "criteria": {
        "requirement": {
            "trigger": "player_killed_entity"
        }
    }
}