{
    "display": {
        "icon": {
            "id": "minecraft:snowball",
            "components": {
                "minecraft:custom_model_data": 588,
                "minecraft:enchantment_glint_override": true
            }
        },
        "title": {
            "translate": "lbc.adv.legends.trollge_all_masks"
        },
        "description": {
            "translate": "lbc.adv.legends.trollge_all_masks.lore"
        },
        "frame": "goal",
        "show_toast": true,
        "announce_to_chat": true
    },
    "parent": "lbc:true_advancements/legends/imitator_shulker",
    "criteria": {
        "mask_1": {
            "trigger": "minecraft:inventory_changed",
            "conditions": {
                "player": [
                    {
                        "condition": "minecraft:inverted",
                        "term": {
                            "condition": "minecraft:entity_properties",
                            "entity": "this",
                            "predicate": {
                                "nbt": "{playerGameType:3}"
                            }
                        }
                    }
                ],
                "items": [
                    {
                        "predicates": {
                            "minecraft:custom_data": {
                                "troll": true,
                                "trollmask": "1"
                            }
                        }
                    }
                ]
            }
        },
        "mask_2": {
            "trigger": "minecraft:inventory_changed",
            "conditions": {
                "player": [
                    {
                        "condition": "minecraft:inverted",
                        "term": {
                            "condition": "minecraft:entity_properties",
                            "entity": "this",
                            "predicate": {
                                "nbt": "{playerGameType:3}"
                            }
                        }
                    }
                ],
                "items": [
                    {
                        "predicates": {
                            "minecraft:custom_data": {
                                "troll": true,
                                "trollmask": "2"
                            }
                        }
                    }
                ]
            }
        },
        "mask_3": {
            "trigger": "minecraft:inventory_changed",
            "conditions": {
                "player": [
                    {
                        "condition": "minecraft:inverted",
                        "term": {
                            "condition": "minecraft:entity_properties",
                            "entity": "this",
                            "predicate": {
                                "nbt": "{playerGameType:3}"
                            }
                        }
                    }
                ],
                "items": [
                    {
                        "predicates": {
                            "minecraft:custom_data": {
                                "troll": true,
                                "trollmask": "3"
                            }
                        }
                    }
                ]
            }
        },
        "mask_4": {
            "trigger": "minecraft:inventory_changed",
            "conditions": {
                "player": [
                    {
                        "condition": "minecraft:inverted",
                        "term": {
                            "condition": "minecraft:entity_properties",
                            "entity": "this",
                            "predicate": {
                                "nbt": "{playerGameType:3}"
                            }
                        }
                    }
                ],
                "items": [
                    {
                        "predicates": {
                            "minecraft:custom_data": {
                                "troll": true,
                                "trollmask": "4"
                            }
                        }
                    }
                ]
            }
        },
        "mask_5": {
            "trigger": "minecraft:inventory_changed",
            "conditions": {
                "player": [
                    {
                        "condition": "minecraft:inverted",
                        "term": {
                            "condition": "minecraft:entity_properties",
                            "entity": "this",
                            "predicate": {
                                "nbt": "{playerGameType:3}"
                            }
                        }
                    }
                ],
                "items": [
                    {
                        "predicates": {
                            "minecraft:custom_data": {
                                "troll": true,
                                "trollmask": "5"
                            }
                        }
                    }
                ]
            }
        },
        "mask_6": {
            "trigger": "minecraft:inventory_changed",
            "conditions": {
                "player": [
                    {
                        "condition": "minecraft:inverted",
                        "term": {
                            "condition": "minecraft:entity_properties",
                            "entity": "this",
                            "predicate": {
                                "nbt": "{playerGameType:3}"
                            }
                        }
                    }
                ],
                "items": [
                    {
                        "predicates": {
                            "minecraft:custom_data": {
                                "troll": true,
                                "trollmask": "6"
                            }
                        }
                    }
                ]
            }
        }
    }
}