{
    "display": {
        "icon": {
            "id": "minecraft:leather_helmet",
            "components": {
                "minecraft:item_model": "lbc:mask_1"
            }
        },
        "title": {
            "translate": "lbc.adv.legends.trollge_killer"
        },
        "description": {
            "translate": "lbc.adv.legends.trollge_killer.lore"
        },
        "frame": "goal",
        "show_toast": true,
        "announce_to_chat": true
    },
    "parent": "lbc:true_advancements/legends/trollge_all_masks",
    "criteria": {
        "req_1": {
            "trigger": "minecraft:player_killed_entity",
            "conditions": {
                "player": [
                    {
                        "condition": "minecraft:inverted",
                        "term": {
                            "condition": "minecraft:entity_properties",
                            "entity": "this",
                            "predicate": {
                                "nbt": "{playerGameType:3}"
                            }
                        }
                    }
                ],
                "entity": [
                    {
                        "condition": "minecraft:entity_properties",
                        "entity": "this",
                        "predicate": {
                            "nbt": "{Tags:[\"trollge_hunter\"]}"
                        }
                    }
                ]
            }
        },
        "req_2": {
            "trigger": "minecraft:player_killed_entity",
            "conditions": {
                "player": [
                    {
                        "condition": "minecraft:inverted",
                        "term": {
                            "condition": "minecraft:entity_properties",
                            "entity": "this",
                            "predicate": {
                                "nbt": "{playerGameType:3}"
                            }
                        }
                    }
                ],
                "entity": [
                    {
                        "condition": "minecraft:entity_properties",
                        "entity": "this",
                        "predicate": {
                            "nbt": "{Tags:[\"stone_man\"]}"
                        }
                    }
                ]
            }
        },
        "req_3": {
            "trigger": "minecraft:player_killed_entity",
            "conditions": {
                "player": [
                    {
                        "condition": "minecraft:inverted",
                        "term": {
                            "condition": "minecraft:entity_properties",
                            "entity": "this",
                            "predicate": {
                                "nbt": "{playerGameType:3}"
                            }
                        }
                    }
                ],
                "entity": [
                    {
                        "condition": "minecraft:entity_properties",
                        "entity": "this",
                        "predicate": {
                            "nbt": "{Tags:[\"void_man\"]}"
                        }
                    }
                ]
            }
        }
    }
}