{
    "display": {
        "icon": {
            "id": "minecraft:shield",
            "components": {
                "minecraft:base_color": "light_blue",
                "minecraft:banner_patterns": [
                  {
                    "color": "black",
                    "pattern": "curly_border"
                  },
                  {
                    "color": "white",
                    "pattern": "flower"
                  },
                  {
                    "color": "white",
                    "pattern": "rhombus"
                  },
                  {
                    "color": "light_blue",
                    "pattern": "circle"
                  },
                  {
                    "color": "blue",
                    "pattern": "triangles_bottom"
                  },
                  {
                    "color": "blue",
                    "pattern": "triangles_top"
                  }
                ]
              }
        },
        "title": {
            "translate": "lbc.adv.shield.energy"
        },
        "description": {
            "translate": "lbc.adv.shield.energy.lore"
        },
        "frame": "task",
        "show_toast": true,
        "announce_to_chat": true,
        "hidden": false
    },
    "parent": "lbc:true_advancements/shields/hylian",
    "criteria": {
        "requirement": {
            "trigger": "minecraft:player_hurt_entity",
            "conditions": {
                "player": [
                    {
                        "condition": "minecraft:any_of",
                        "terms": [
                            {
                                "condition": "minecraft:entity_properties",
                                "entity": "this",
                                "predicate": {
                                    "equipment": {
                                        "mainhand": {
                                            "predicates": {
                                                "minecraft:custom_data": {
                                                  "energy_shield": true
                                                }
                                              }
                                        }
                                    }
                                }
                            },
                            {
                                "condition": "minecraft:entity_properties",
                                "entity": "this",
                                "predicate": {
                                    "equipment": {
                                        "offhand": {
                                            "predicates": {
                                                "minecraft:custom_data": {
                                                  "energy_shield": true
                                                }
                                              }
                                        }
                                    }
                                }
                            }
                        ]
                    }
                ],
                "damage": {
                    "type": {
                        "direct_entity": {
                            "type": "#minecraft:arrows",
                            "nbt": "{Tags:[\"mirrored_2\"]}"
                        }
                    }
                }
            }
        }
    }
}