{
    "display": {
        "icon": {
            "id": "minecraft:shield",
            "components": {
                "minecraft:base_color": "light_blue",
                "minecraft:banner_patterns": [
                  {
                    "color": "yellow",
                    "pattern": "stripe_middle"
                  },
                  {
                    "color": "yellow",
                    "pattern": "stripe_center"
                  },
                  {
                    "color": "yellow",
                    "pattern": "flower"
                  }
                ]
              }
        },
        "title": {
            "translate": "lbc.adv.shield.holy"
        },
        "description": {
            "translate": "lbc.adv.shield.holy.lore"
        },
        "frame": "task",
        "show_toast": true,
        "announce_to_chat": true,
        "hidden": false
    },
    "parent": "lbc:true_advancements/shields/energy",
    "criteria": {
        "requirement": {
            "trigger": "minecraft:impossible"
        }
    }
}