{
    "display": {
        "icon": {
            "id": "minecraft:shield",
            "components": {
                "minecraft:enchantment_glint_override": true,
                "minecraft:base_color": "blue",
                "minecraft:banner_patterns": [
                    {
                        "color": "light_gray",
                        "pattern": "curly_border"
                    },
                    {
                        "color": "red",
                        "pattern": "flower"
                    },
                    {
                        "color": "blue",
                        "pattern": "half_horizontal"
                    },
                    {
                        "color": "yellow",
                        "pattern": "triangle_top"
                    },
                    {
                        "color": "blue",
                        "pattern": "stripe_top"
                    },
                    {
                        "color": "light_gray",
                        "pattern": "border"
                    }
                ]
            }
        },
        "title": {
            "translate": "lbc.adv.shield.hylian"
        },
        "description": {
            "translate": "lbc.adv.shield.hylian.lore"
        },
        "frame": "task",
        "show_toast": true,
        "announce_to_chat": true,
        "hidden": false
    },
    "parent": "lbc:true_advancements/shields",
    "criteria": {
        "requirement": {
            "trigger": "minecraft:inventory_changed",
            "conditions": {
                "player": [
                    {
                        "condition": "minecraft:inverted",
                        "term": {
                            "condition": "minecraft:entity_properties",
                            "entity": "this",
                            "predicate": {
                                "nbt": "{playerGameType:3}"
                            }
                        }
                    },
                    {
                        "condition": "minecraft:all_of",
                        "terms": [
                            {
                                "condition": "minecraft:entity_properties",
                                "entity": "this",
                                "predicate": {
                                    "equipment": {
                                        "mainhand": {
                                            "predicates": {
                                                "minecraft:enchantments": [
                                                    {
                                                        "enchantments": "minecraft:unbreaking",
                                                        "levels": 10
                                                    }
                                                ],
                                                "minecraft:custom_data": {
                                                    "transformable": true,
                                                    "shield": true
                                                }
                                            }
                                        }
                                    }
                                }
                            },
                            {
                                "condition": "minecraft:entity_properties",
                                "entity": "this",
                                "predicate": {
                                    "equipment": {
                                        "offhand": {
                                            "predicates": {
                                                "minecraft:enchantments": [
                                                    {
                                                        "enchantments": "minecraft:unbreaking",
                                                        "levels": 10
                                                    }
                                                ],
                                                "minecraft:custom_data": {
                                                    "transformable": true,
                                                    "shield": true
                                                }
                                            }
                                        }
                                    }
                                }
                            }
                        ]
                    }
                ]
            }
        }
    }
}