{
    "display": {
        "icon": {
            "id": "minecraft:golden_chestplate"
        },
        "title": {
            "translate": "lbc.adv.armor"
        },
        "description": "",
        "frame": "task",
        "show_toast": true,
        "announce_to_chat": false,
        "hidden": false
    },
    "parent": "lbc:true_advancements/root",
    "criteria": {
        "requirement": {
            "trigger": "minecraft:inventory_changed",
            "conditions": {
                "player": [
                    {
                        "condition": "minecraft:inverted",
                        "term": {
                            "condition": "minecraft:entity_properties",
                            "entity": "this",
                            "predicate": {
                                "nbt": "{playerGameType:3}"
                            }
                        }
                    },
                    {
                        "condition": "minecraft:entity_properties",
                        "entity": "this",
                        "predicate": {
                            "equipment": {
                                "head": {
                                    "predicates": {
                                        "minecraft:custom_data": "{transformable:1,helmet:1}"
                                    }
                                },
                                "chest": {
                                    "predicates": {
                                        "minecraft:custom_data": "{transformable:1,chestplate:1}"
                                    }
                                },
                                "legs": {
                                    "predicates": {
                                        "minecraft:custom_data": "{transformable:1,leggings:1}"
                                    }
                                },
                                "feet": {
                                    "predicates": {
                                        "minecraft:custom_data": "{transformable:1,boots:1}"
                                    }
                                }
                            }
                        }
                    }
                ]
            }
        }
    }
}