{
    "display": {
        "icon": {
            "id": "minecraft:carrot_on_a_stick",
            "components": {"minecraft:custom_model_data":667}
        },
        "title": {
            "translate": "lbc.adv.lightning_smith_legendary"
        },
        "description": {
            "translate": "lbc.adv.lightning_smith_legendary.lore"
        },
        "frame": "challenge",
        "show_toast": true,
        "announce_to_chat": true,
        "hidden": false
    },
    "parent": "lbc:true_advancements/lightning_smith",
    "criteria": {
        "requirement": {
            "trigger": "minecraft:impossible"
        }
    }
}