{
    "display": {
        "icon": {
            "id": "minecraft:repeating_command_block",
            "components": {"minecraft:custom_model_data":618}
        },
        "title": {
            "translate": "lbc.adv.yellow_lightning"
        },
        "description": {
            "translate": "lbc.adv.yellow_lightning.lore"
        },
        "frame": "goal",
        "show_toast": true,
        "announce_to_chat": true,
        "hidden": false
    },
    "parent": "lbc:true_advancements/lightning_smith_ultra",
    "criteria": {
        "requirement": {
            "trigger": "minecraft:inventory_changed",
            "conditions": {
                "player": [
          {
            "condition": "minecraft:inverted",
            "term": {
              "condition": "minecraft:entity_properties",
              "entity": "this",
              "predicate": {
                "nbt": "{playerGameType:3}"
              }
            }
          }
        ],
                "items": [
                    {
                        "predicates": {
                            "minecraft:custom_data": {
                                "yellow_lightning": true
                            }
                        }
                    }
                ]
            }
        }
    }
}