{
    "display": {
        "icon": {
            "id": "minecraft:phantom_spawn_egg"
        },
        "title": {
            "translate": "lbc.adv.summoner"
        },
        "description": 
            ""
        ,
        "frame": "task",
        "show_toast": true,
        "announce_to_chat": false,
        "hidden": false
    },
    "parent": "lbc:true_advancements/root",
    "criteria": {
        "requirement": {
            "trigger": "minecraft:inventory_changed",
            "conditions": {
                "player": [
          {
            "condition": "minecraft:inverted",
            "term": {
              "condition": "minecraft:entity_properties",
              "entity": "this",
              "predicate": {
                "nbt": "{playerGameType:3}"
              }
            }
          }
        ],
                "items": [
                    {
                        "predicates": {
                            "minecraft:custom_data": {
                                "transformable": true,
                                "summoner": true
                            }
                        }
                    }
                ]
            }
        }
    }
}