{
    "display": {
        "icon": {
            "id": "minecraft:iron_sword",
            "components": {"minecraft:custom_model_data":575}
        },
        "title": {
            "translate": "lbc.adv.sword.antimagic"
        },
        "description": {
            "translate": "lbc.adv.sword.antimagic.lore"
        },
        "frame": "task",
        "show_toast": true,
        "announce_to_chat": true,
        "hidden": false
    },
    "parent": "lbc:true_advancements/swords/cyberkatanamk2",
    "criteria": {
        "requirement": {
            "trigger": "minecraft:impossible"
        }
    }
}