{
    "display": {
        "icon": {
            "id": "minecraft:carrot_on_a_stick",
            "components": {"minecraft:custom_model_data":655}
        },
        "title": {
            "translate": "lbc.adv.sword.cyberkatanamk2"
        },
        "description": {
            "translate": "lbc.adv.sword.cyberkatanamk2.lore"
        },
        "frame": "goal",
        "show_toast": true,
        "announce_to_chat": true,
        "hidden": false
    },
    "parent": "lbc:true_advancements/swords/metal_pipe",
    "criteria": {
        "requirement": {
            "trigger": "minecraft:player_hurt_entity",
            "conditions": {
                "player": [
                    {
                        "condition": "minecraft:entity_properties",
                        "entity": "this",
                        "predicate": {
                            "equipment": {
                                "mainhand": {
                                    "predicates": {
                                        "minecraft:custom_data": {
                                            "transformable": true,
                                            "sword": true,
                                            "techrunner_katana": true
                                        }
                                    }
                                }
                            }
                        }
                    }
                ],
                "entity": [
                    {
                        "condition": "minecraft:entity_properties",
                        "entity": "this",
                        "predicate": {
                            "type": "minecraft:player"
                        }
                    }
                ],
                "damage": {
                    "dealt": {
                        "min": 150
                    }
                }
            }
        }
    }
}