{
    "display": {
        "icon": {
            "id": "minecraft:wooden_sword",
            "components": {"minecraft:custom_model_data":522}
        },
        "title": {
            "translate": "lbc.adv.sword.devil"
        },
        "description": {
            "translate": "lbc.adv.sword.devil.lore"
        },
        "frame": "task",
        "show_toast": true,
        "announce_to_chat": true,
        "hidden": false
    },
    "parent": "lbc:true_advancements/swords/slimeball",
    "criteria": {
        "requirement": {
            "trigger": "minecraft:impossible"
        }
    }
}