{
    "display": {
        "icon": {
            "id": "minecraft:wooden_sword",
            "components": {"minecraft:custom_model_data":522,"minecraft:enchantment_glint_override": true}
        },
        "title": {
            "translate": "lbc.adv.sword.devil_full"
        },
        "description": {
            "translate": "lbc.adv.sword.devil_full.lore"
        },
        "frame": "challenge",
        "show_toast": true,
        "announce_to_chat": true,
        "hidden": false
    },
    "parent": "lbc:true_advancements/swords/devil",
    "criteria": {
        "requirement": {
            "trigger": "minecraft:inventory_changed",
            "conditions": {
                "player": [
                    {
                        "condition": "minecraft:inverted",
                        "term": {
                            "condition": "minecraft:entity_properties",
                            "entity": "this",
                            "predicate": {
                                "nbt": "{playerGameType:3}"
                            }
                        }
                    }
                ],
                "items": [
                    {
                        "predicates": {
                            "minecraft:custom_data": {
                                "transformable": true,
                                "sword": true,
                                "heal": true
                            }
                        }
                    },
                    {
                        "predicates": {
                            "minecraft:custom_data": {
                                "transformable": true,
                                "totem": true,
                                "deviltotem": true
                            }
                        }
                    },
                    {
                        "predicates": {
                                        "minecraft:custom_data": {
                                            "transformable": true,
                                            "staff": true,
                                            "bloodmagic": true
                                        }
                                    }
                    },
                    {
                        "predicates": {
                            "minecraft:custom_data": {
                                "transformable": true,
                                "summoner": true,
                                "summonerghast": true
                            }
                        }
                    },
                    {
                        "predicates": {
                            "minecraft:custom_data": {
                                "transformable": true,
                                "accessory": true,
                                "demonkishki": true
                            }
                        }
                    }
                ]
            }
        }
    }
}