{
    "display": {
        "icon": {
            "id": "minecraft:golden_sword",
            "components": {"minecraft:custom_model_data":581}
        },
        "title": {
            "translate": "lbc.adv.sword.evolution"
        },
        "description": {
            "translate": "lbc.adv.sword.evolution.lore"
        },
        "frame": "task",
        "show_toast": true,
        "announce_to_chat": true,
        "hidden": false
    },
    "parent": "lbc:true_advancements/swords/ice",
    "criteria": {
        "requirement": {
            "trigger": "minecraft:player_hurt_entity",
            "conditions": {
                "player": [
                    {
                        "condition": "minecraft:inverted",
                        "term": {
                            "condition": "minecraft:entity_properties",
                            "entity": "this",
                            "predicate": {
                                "nbt": "{playerGameType:3}"
                            }
                        }
                    },
                    {
                        "condition": "minecraft:entity_properties",
                        "entity": "this",
                        "predicate": {
                            "equipment": {
                                "mainhand": {
                                    "predicates": {
                                        "minecraft:custom_data": {
                                            "transformable": true,
                                            "sword": true,
                                            "evolution": true
                                        }
                                    }
                                }
                            }
                        }
                    }
                ],
                "damage": {
                    "dealt": {
                        "min": 7
                    },
                    "blocked": false
                }
            }
        }
    }
}