{
    "display": {
        "icon": {
            "id": "minecraft:golden_sword",
            "components": {"minecraft:custom_model_data":581,"minecraft:enchantment_glint_override": true}
        },
        "title": {
            "translate": "lbc.adv.sword.evolution_322124"
        },
        "description": {
            "translate": "lbc.adv.sword.evolution_322124.lore"
        },
        "frame": "challenge",
        "show_toast": true,
        "announce_to_chat": true
    },
    "parent": "lbc:true_advancements/swords/evolution_1000",
    "criteria": {
        "requirement": {
            "trigger": "minecraft:player_hurt_entity",
            "conditions": {
                "player": [
                    {
                        "condition": "minecraft:inverted",
                        "term": {
                            "condition": "minecraft:entity_properties",
                            "entity": "this",
                            "predicate": {
                                "nbt": "{playerGameType:3}"
                            }
                        }
                    },
                    {
                        "condition":"minecraft:entity_properties",
                        "entity": "this",
                        "predicate": {
                          "equipment": {
                            "mainhand": {
                              "predicates": {
                                "minecraft:custom_data": {
                                    "transformable": true,
                                    "sword": true,
                                    "evolution": true
                                }
                            }
                            }
                          }
                        }
                    }
                ],
                "damage": {
                  "dealt": {
                    "min": 322124
                  },
                  "blocked": false
                }
            }
        }
    }
}