{
    "display": {
        "icon": {
            "id": "minecraft:netherite_sword",
            "components": {
                "minecraft:enchantment_glint_override": true,
                "minecraft:custom_model_data": 501
            }
        },
        "title": {
            "translate": "lbc.adv.sword.hylian_full"
        },
        "description": {
            "translate": "lbc.adv.sword.hylian_full.lore"
        },
        "frame": "challenge",
        "show_toast": true,
        "announce_to_chat": true,
        "hidden": false
    },
    "parent": "lbc:true_advancements/swords/hylian",
    "criteria": {
        "requirement": {
            "trigger": "minecraft:inventory_changed",
            "conditions": {
                "player": [
                    {
                        "condition": "minecraft:inverted",
                        "term": {
                            "condition": "minecraft:entity_properties",
                            "entity": "this",
                            "predicate": {
                                "nbt": "{playerGameType:3}"
                            }
                        }
                    }
                ],
                "items": [
                    {
                        "predicates": {
                            "minecraft:custom_data": {
                                "transformable": true,
                                "sword": true,
                                "hylian": true
                            }
                        }
                    },
                    {
                        "predicates": {
                            "minecraft:custom_data": {
                                "transformable": true,
                                "shield": true,
                                "hylianshield": true
                            }
                        }
                    }
                ]
            }
        }
    }
}