{
    "display": {
        "icon": {
            "id": "minecraft:spyglass",
            "components": {"minecraft:custom_model_data":594}
        },
        "title": {
            "translate": "lbc.adv.sword.metal_pipe"
        },
        "description": {
            "translate": "lbc.adv.sword.metal_pipe.lore"
        },
        "frame": "task",
        "show_toast": true,
        "announce_to_chat": true,
        "hidden": false
    },
    "parent": "lbc:true_advancements/swords/vex",
    "criteria": {
        "requirement": {
            "trigger": "minecraft:player_hurt_entity",
            "conditions": {
                "player": [
                    {
                        "condition": "minecraft:entity_properties",
                        "entity": "this",
                        "predicate": {
                            "equipment": {
                                "mainhand": {
                                    "predicates": {
                                        "minecraft:custom_data": {
                                            "transformable": true,
                                            "sword": true,
                                            "metal_pipe": true
                                        }
                                    }
                                }
                            }
                        }
                    }
                ],
                "entity": [
                    {
                        "condition": "minecraft:entity_properties",
                        "entity": "this",
                        "predicate": {
                            "type": "minecraft:player"
                        }
                    }
                ]
            }
        }
    }
}