{
    "display": {
        "icon": {
            "id": "minecraft:carrot_on_a_stick",
            "components": {"minecraft:custom_model_data":588}
        },
        "title": {
            "translate": "lbc.adv.sword.terra"
        },
        "description": {
            "translate": "lbc.adv.sword.terra.lore"
        },
        "frame": "task",
        "show_toast": true,
        "announce_to_chat": true,
        "hidden": false
    },
    "parent": "lbc:true_advancements/swords/electro",
    "criteria": {
        "requirement": {
            "trigger": "minecraft:player_killed_entity",
            "conditions": {
                "player": [
                    {
                        "condition": "minecraft:entity_properties",
                        "entity": "this",
                        "predicate": {
                            "equipment": {
                                "mainhand": {
                                    "predicates": {
                                        "minecraft:custom_data": {
                                            "transformable": true,
                                            "sword": true,
                                            "terrasword": true
                                        }
                                    }
                                }
                            }
                        }
                    }
                ],
                "entity": [
                    {
                        "condition": "minecraft:entity_properties",
                        "entity": "this",
                        "predicate": {
                            "type": "minecraft:player"
                        }
                    }
                ],
                "killing_blow": {
                    "tags": [
                        {
                            "id": "minecraft:cactus_only",
                            "expected": false
                        }
                    ]
                }
            }
        }
    }
}