{
    "display": {
        "icon": {
            "id": "minecraft:carrot_on_a_stick",
            "components": {
                "minecraft:item_model": "lbc:acidcorrupt"
            }
        },
        "title": {
            "translate": "lbc.adv.tuntija.acidcorrupt"
        },
        "description": {
            "translate": "lbc.adv.tuntija.acidcorrupt.lore"
        },
        "frame": "challenge",
        "show_toast": true,
        "announce_to_chat": true,
        "hidden": false
    },
    "parent": "lbc:true_advancements/legends/tuntija_wands/acid",
    "criteria": {
        "requirement": {
            "trigger": "minecraft:inventory_changed",
            "conditions": {
                "player": [
                    {
                        "condition": "minecraft:inverted",
                        "term": {
                            "condition": "minecraft:entity_properties",
                            "entity": "this",
                            "predicate": {
                                "nbt": "{playerGameType:3}"
                            }
                        }
                    }
                ],
                "items": [
                    {
                        "predicates": {
                            "minecraft:custom_data": "{transformable:1,staff:1,acidcorrupt_wand:1}"
                        }
                    }
                ]
            }
        }
    },
    "rewards": {
        "function": "lbc:swrg_kit_integration/gain/skill_acidman"
    }
}