{
    "display": {
        "icon": {
            "id": "minecraft:carrot_on_a_stick",
            "components": {
                "minecraft:item_model": "lbc:exasperato"
            }
        },
        "title": {
            "translate": "lbc.adv.tuntija.exasperato"
        },
        "description": {
            "translate": "lbc.adv.tuntija.exasperato.lore"
        },
        "frame": "challenge",
        "show_toast": true,
        "announce_to_chat": true,
        "hidden": false
    },
    "parent": "lbc:true_advancements/legends/tuntija_wands/air",
    "criteria": {
        "requirement": {
            "trigger": "minecraft:inventory_changed",
            "conditions": {
                "player": [
                    {
                        "condition": "minecraft:inverted",
                        "term": {
                            "condition": "minecraft:entity_properties",
                            "entity": "this",
                            "predicate": {
                                "nbt": "{playerGameType:3}"
                            }
                        }
                    }
                ],
                "items": [
                    {
                        "predicates": {
                            "minecraft:custom_data": "{exasperato_wand:1}"
                        }
                    }
                ]
            }
        }
    }
}