{
    "criteria": {
        "requirement": {
            "trigger": "minecraft:consume_item",
            "conditions": {
                "item": {
                    "predicates": {
                        "minecraft:custom_data": "{pill:120}"
                    }
                },
                "player": [
                    {
                        "condition": "minecraft:inverted",
                        "term": {
                            "condition": "minecraft:entity_properties",
                            "entity": "this",
                            "predicate": {
                                "location": {
                                    "dimension": "minecraft:nexus"
                                }
                            }
                        }
                    },
                    {
                        "condition": "minecraft:inverted",
                        "term": {
                            "condition": "minecraft:entity_properties",
                            "entity": "this",
                            "predicate": {
                                "location": {
                                    "dimension": "minecraft:imprinted"
                                }
                            }
                        }
                    }
                ]
            }
        }
    },
    "rewards": {
        "function": "lbc:other/attributes/pills/raid_omen_123"
    }
}