{
    "display": {
        "icon": {
            "id": "minecraft:iron_axe",
            "components": {
                "minecraft:item_model": "lbc:hammer"
            }
        },
        "title": {
            "translate": "lbc.adv.axe.hammer"
        },
        "description": {
            "translate": "lbc.adv.axe.hammer.lore"
        },
        "frame": "task",
        "show_toast": true,
        "announce_to_chat": true,
        "hidden": false
    },
    "parent": "lbc:true_advancements/axes/poleaxe",
    "criteria": {
        "requirement": {
            "trigger": "minecraft:player_killed_entity",
            "conditions": {
                "player": [
                    {
                        "condition": "minecraft:entity_properties",
                        "entity": "this",
                        "predicate": {
                            "equipment": {
                                "mainhand": {
                                    "predicates": {
                                        "minecraft:custom_data": "{transformable: 1,axe: 1,hammer: 1}"
                                    }
                                }
                            }
                        }
                    }
                ],
                "entity": [
                    {
                        "condition": "minecraft:entity_properties",
                        "entity": "this",
                        "predicate": {
                            "type": "minecraft:silverfish"
                        }
                    }
                ]
            }
        }
    },
    "rewards": {
        "function": "lbc:swrg_kit_integration/gain/skill"
    }
}