{
    "display": {
        "icon": {
            "id": "minecraft:netherite_axe"
        },
        "title": {
            "translate": "lbc.adv.axe.poleaxe"
        },
        "description": {
            "translate": "lbc.adv.axe.poleaxe.lore"
        },
        "frame": "task",
        "show_toast": true,
        "announce_to_chat": true,
        "hidden": false
    },
    "parent": "lbc:true_advancements/axes/tomahawk",
    "criteria": {
        "requirement": {
            "trigger": "minecraft:player_hurt_entity",
            "conditions": {
                "player": [
                    {
                        "condition": "minecraft:entity_properties",
                        "entity": "this",
                        "predicate": {
                            "equipment": {
                                "mainhand": {
                                    "predicates": {
                                        "minecraft:custom_data": "{transformable:1,axe:1,poleaxe:1}"
                                    }
                                }
                            }
                        }
                    }
                ],
                "damage": {
                    "taken": {
                        "min": 20
                    },
                    "blocked": false
                },
                "entity": [
                    {
                        "condition": "minecraft:entity_properties",
                        "entity": "this",
                        "predicate": {
                            "type": "minecraft:player"
                        }
                    }
                ]
            }
        }
    },
    "rewards": {
        "function": "lbc:swrg_kit_integration/gain/levelup"
    }
}