{
    "display": {
        "icon": {
            "id": "minecraft:iron_axe",
            "components": {
                "minecraft:enchantment_glint_override": true
            }
        },
        "title": {
            "translate": "lbc.adv.axe.randchanted"
        },
        "description": {
            "translate": "lbc.adv.axe.randchanted.lore"
        },
        "frame": "task",
        "show_toast": true,
        "announce_to_chat": true,
        "hidden": false
    },
    "parent": "lbc:true_advancements/axes",
    "criteria": {
        "requirement": {
            "trigger": "minecraft:inventory_changed",
            "conditions": {
                "player": [
                    {
                        "condition": "minecraft:inverted",
                        "term": {
                            "condition": "minecraft:entity_properties",
                            "entity": "this",
                            "predicate": {
                                "nbt": "{playerGameType:3}"
                            }
                        }
                    }
                ],
                "items": [
                    {
                        "predicates": {
                            "minecraft:enchantments": [
                                {
                                    "enchantments": "minecraft:efficiency",
                                    "levels": 4
                                },
                                {
                                    "enchantments": "minecraft:fortune",
                                    "levels": 3
                                },
                                {
                                    "enchantments": "minecraft:unbreaking",
                                    "levels": 3
                                }
                            ],
                            "minecraft:custom_data": {
                                "transformable": true,
                                "axe": true,
                                "randchanted": true
                            }
                        }
                    }
                ]
            }
        }
    },
    "rewards": {
        "function": "lbc:swrg_kit_integration/gain/kit"
    }
}