{
    "display": {
        "icon": {
            "id": "minecraft:carrot_on_a_stick",
            "components": {"minecraft:custom_model_data":721}
        },
        "title": {
            "translate": "lbc.adv.nexus.corrupter"
        },
        "description": {
            "translate": "lbc.adv.nexus.corrupter.lore"
        },
        "frame": "challenge",
        "show_toast": true,
        "announce_to_chat": true,
        "hidden": false
    },
    "parent": "lbc:true_advancements/nexus/wire_black",
    "criteria": {
        "requirement": {
            "trigger": "minecraft:inventory_changed",
            "conditions": {
                "player": [
                    {
                        "condition": "minecraft:inverted",
                        "term": {
                            "condition": "minecraft:entity_properties",
                            "entity": "this",
                            "predicate": {
                                "nbt": "{playerGameType:3}"
                            }
                        }
                    }
                ],
                "items": [
                    {
                        "predicates": {
                            "minecraft:custom_data": {
                              "nexus_corrupter": true
                            }
                          }
                    }
                ]
            }
        }
    }
}