{
    "display": {
        "icon": {
            "id": "minecraft:repeating_command_block",
            "components": {"minecraft:custom_model_data":660}
        },
        "title": {
            "translate": "lbc.adv.nexus.ground"
        },
        "description": {
            "translate": "lbc.adv.nexus.ground.lore"
        },
        "frame": "goal",
        "show_toast": true,
        "announce_to_chat": true,
        "hidden": false
    },
    "parent": "lbc:true_advancements/nexus/root",
    "criteria": {
        "requirement": {
            "trigger": "minecraft:location",
            "conditions": {
                "player": [
                    {
                        "condition": "all_of",
                        "terms": [
                            {
                                "condition": "minecraft:inverted",
                                "term": {
                                    "condition": "minecraft:entity_properties",
                                    "entity": "this",
                                    "predicate": {
                                        "nbt": "{playerGameType:3}"
                                    }
                                }
                            },
                            {
                                "condition": "entity_properties",
                                "entity": "this",
                                "predicate": {
                                    "nbt": "{OnGround:1b}",
                                    "location": {
                                        "dimension": "minecraft:nexus"
                                    }
                                }
                            }
                        ]
                    }
                ]
            }
        }
    }
}