{
    "display": {
        "icon": {
            "id": "minecraft:repeating_command_block",
            "components": {
                "minecraft:item_model": "lbc:advancement_icon/nexus_icon"
            }
        },
        "title": {
            "translate": "lbc.adv.nexus.root"
        },
        "description": {
            "translate": "lbc.adv.nexus.root.lore"
        },
        "frame": "task",
        "show_toast": true,
        "announce_to_chat": true,
        "hidden": false
    },
    "parent": "lbc:true_advancements/root",
    "criteria": {
        "requirement": {
            "trigger": "minecraft:location",
            "conditions": {
                "player": [
                    {
                        "condition": "minecraft:inverted",
                        "term": {
                            "condition": "minecraft:entity_properties",
                            "entity": "this",
                            "predicate": {
                                "nbt": "{playerGameType:3}"
                            }
                        }
                    },
                    {
                        "condition": "minecraft:entity_properties",
                        "entity": "this",
                        "predicate": {
                            "location": {
                                "dimension": "minecraft:nexus"
                            }
                        }
                    }
                ]
            }
        }
    }
}