{
    "display": {
        "icon": {
            "id": "minecraft:repeating_command_block",
            "components": {
                "minecraft:item_model": "lbc:arcanumblackhole"
            }
        },
        "title": {
            "translate": "lbc.adv.arcanums.black_hole_2"
        },
        "description": {
            "translate": "lbc.adv.arcanums.black_hole_2.lore"
        },
        "frame": "goal",
        "show_toast": true,
        "announce_to_chat": true,
        "hidden": false
    },
    "parent": "lbc:true_advancements/arcanums/black_hole",
    "criteria": {
        "requirement": {
            "trigger": "minecraft:impossible"
        }
    },
    "rewards": {
        "function": "lbc:swrg_kit_integration/gain/levelup"
    }
}