{
    "display": {
        "icon": {
            "id": "minecraft:carrot_on_a_stick",
            "components": {"minecraft:custom_model_data":709}
        },
        "title": {
            "translate": "lbc.adv.arcanums.neutral"
        },
        "description": {
            "translate": "lbc.adv.arcanums.neutral.lore"
        },
        "frame": "goal",
        "show_toast": true,
        "announce_to_chat": true,
        "hidden": false
    },
    "parent": "lbc:true_advancements/arcanums/babylon_gate",
    "criteria": {
        "requirement": {
            "trigger": "minecraft:impossible"
        }
    },
    "rewards": {
        "function": "lbc:swrg_kit_integration/gain/levelup"
    }
}