{
    "display": {
        "icon": {
            "id": "minecraft:carrot_on_a_stick",
            "components": {"minecraft:custom_model_data":689}
        },
        "title": {
            "translate": "lbc.adv.staff.gaycaster"
        },
        "description": {
            "translate": "lbc.adv.staff.gaycaster.lore"
        },
        "frame": "goal",
        "show_toast": true,
        "announce_to_chat": true,
        "hidden": false
    },
    "parent": "lbc:true_advancements/staffs/prism",
    "criteria": {
        "r": {
            "trigger": "minecraft:impossible"
        },
        "o": {
            "trigger": "minecraft:impossible"
        },
        "y": {
            "trigger": "minecraft:impossible"
        },
        "g": {
            "trigger": "minecraft:impossible"
        },
        "c": {
            "trigger": "minecraft:impossible"
        },
        "b": {
            "trigger": "minecraft:impossible"
        },
        "p": {
            "trigger": "minecraft:impossible"
        }
    }
}