{
    "display": {
        "icon": {
            "id": "minecraft:carrot_on_a_stick",
            "components": {"minecraft:custom_model_data":577}
        },
        "title": {
            "translate": "lbc.adv.staff.hedgehog"
        },
        "description": {
            "translate": "lbc.adv.staff.hedgehog.lore"
        },
        "frame": "task",
        "show_toast": true,
        "announce_to_chat": true,
        "hidden": false
    },
    "parent": "lbc:true_advancements/staffs/unstable_book",
    "criteria": {
        "requirement": {
            "trigger": "minecraft:impossible"
        }
    }
}