{
    "display": {
        "icon": {
            "id": "minecraft:carrot_on_a_stick",
            "components": {"minecraft:custom_model_data":706}
        },
        "title": {
            "translate": "lbc.adv.staff.ice_wand"
        },
        "description": {
            "translate": "lbc.adv.staff.ice_wand.lore"
        },
        "frame": "goal",
        "show_toast": true,
        "announce_to_chat": true,
        "hidden": false
    },
    "parent": "lbc:true_advancements/staffs/neutral",
    "criteria": {
        "requirement": {
            "trigger": "minecraft:inventory_changed",
            "conditions": {
                "player": [
          {
            "condition": "minecraft:inverted",
            "term": {
              "condition": "minecraft:entity_properties",
              "entity": "this",
              "predicate": {
                "nbt": "{playerGameType:3}"
              }
            }
          }
        ],
                "items": [
                    {
                        "predicates": {
                            "minecraft:custom_data": {
                              "transformable": true,
                              "staff": true,
                              "ice_wand": true
                            }
                          }
                    }
                ]
            }
        }
    }
}