{
    "display": {
        "icon": {
            "id": "minecraft:carrot_on_a_stick",
            "components": {
                "minecraft:custom_model_data": 546
            }
        },
        "title": {
            "translate": "lbc.adv.staff.vampire"
        },
        "description": {
            "translate": "lbc.adv.staff.vampire.lore"
        },
        "frame": "task",
        "show_toast": true,
        "announce_to_chat": true,
        "hidden": false
    },
    "parent": "lbc:true_advancements/staffs/ender_random",
    "criteria": {
        "requirement": {
            "trigger": "minecraft:impossible"
        }
    }
}