{
    "display": {
        "icon": {
            "id": "minecraft:carrot_on_a_stick",
            "components": {"minecraft:custom_model_data":619}
        },
        "title": {
            "translate": "lbc.adv.shooter.ak_47"
        },
        "description": {
            "translate": "lbc.adv.shooter.ak_47.lore"
        },
        "frame": "challenge",
        "show_toast": true,
        "announce_to_chat": true,
        "hidden": false
    },
    "parent": "lbc:true_advancements/shooter/shit_cannon",
    "criteria": {
        "requirement": {
            "trigger": "minecraft:inventory_changed",
            "conditions": {
                "player": [
          {
            "condition": "minecraft:inverted",
            "term": {
              "condition": "minecraft:entity_properties",
              "entity": "this",
              "predicate": {
                "nbt": "{playerGameType:3}"
              }
            }
          }
        ],
                "items": [
                    {
                        "predicates":{
                            "minecraft:custom_data": {
                              "transformable": true,
                              "shooter": true,
                              "ak47": true
                            }
                          }
                    }
                ]
            }
        }
    }
}