{
    "display": {
        "icon": {
            "id": "minecraft:carrot_on_a_stick",
            "components": {"minecraft:custom_model_data":656}
        },
        "title": {
            "translate": "lbc.adv.shooter.magnum"
        },
        "description": {
            "translate": "lbc.adv.shooter.magnum.lore"
        },
        "frame": "goal",
        "show_toast": true,
        "announce_to_chat": true,
        "hidden": false
    },
    "parent": "lbc:true_advancements/shooter/ak_47",
    "criteria": {
        "requirement": {
            "trigger": "minecraft:impossible"
        }
    }
}