{
    "display": {
        "icon": {
            "id": "minecraft:carrot_on_a_stick",
            "components": {"minecraft:custom_model_data":575}
        },
        "title": {
            "translate": "lbc.adv.shooter.razorpine"
        },
        "description": {
            "translate": "lbc.adv.shooter.razorpine.lore"
        },
        "frame": "task",
        "show_toast": true,
        "announce_to_chat": true,
        "hidden": false
    },
    "parent": "lbc:true_advancements/shooter/kfc_gun",
    "criteria": {
        "requirement": {
            "trigger": "minecraft:impossible"
        }
    }
}