{
    "display": {
        "icon": {
            "id": "minecraft:repeating_command_block",
            "components": {"minecraft:custom_model_data":601}
        },
        "title": {
            "translate": "lbc.adv.legends.sins.envy"
        },
        "description": {
            "translate": "lbc.adv.legends.sins.envy.lore"
        },
        "frame": "challenge",
        "show_toast": true,
        "announce_to_chat": true,
        "hidden": false
    },
    "parent": "lbc:true_advancements/legends/sins/gluttony",
    "criteria": {
        "requirement": {
            "trigger": "minecraft:impossible"
        }
    }
}