{
    "display": {
        "icon": {
            "id": "minecraft:repeating_command_block",
            "components": {
                "minecraft:item_model": "lbc:advancement_icon/sin_greed"
            }
        },
        "title": {
            "translate": "lbc.adv.legends.sins.greed"
        },
        "description": {
            "translate": "lbc.adv.legends.sins.greed.lore"
        },
        "frame": "challenge",
        "show_toast": true,
        "announce_to_chat": true,
        "hidden": false
    },
    "parent": "lbc:true_advancements/legends/witch_gens",
    "criteria": {
        "requirement": {
            "trigger": "minecraft:impossible"
        }
    }
}