{
    "display": {
        "icon": {
            "id": "minecraft:potion",
            "components": {
                "minecraft:enchantment_glint_override": true,
                "minecraft:potion_contents": {
                    "custom_color": 1114367
                }
            }
        },
        "title": {
            "translate": "lbc.adv.potion.add_mana"
        },
        "description": {
            "translate": "lbc.adv.potion.add_mana.lore"
        },
        "frame": "task",
        "show_toast": true,
        "announce_to_chat": true,
        "hidden": false
    },
    "parent": "lbc:true_advancements/potions/mana_regen",
    "criteria": {
        "requirement": {
            "trigger": "minecraft:consume_item",
            "conditions": {
                "player": [
                    {
                        "condition": "minecraft:inverted",
                        "term": {
                            "condition": "minecraft:entity_properties",
                            "entity": "this",
                            "predicate": {
                                "nbt": "{playerGameType:3}"
                            }
                        }
                    }
                ],
                "item": {
                    "components": {
                        "minecraft:custom_data": "{transformable: 1,potion: 1}",
                        "minecraft:hide_additional_tooltip": {},
                        "minecraft:potion_contents": {
                            "custom_effects": [
                                {
                                    "id": "minecraft:raid_omen",
                                    "amplifier": 19,
                                    "duration": 1,
                                    "show_particles": false
                                }
                            ],
                            "custom_color": 1114367
                        }
                    }
                }
            }
        }
    }
}