{
    "display": {
        "icon": {
            "id": "minecraft:repeating_command_block",
            "components": {
                "minecraft:item_model": "lbc:advancement_icon/magic",
                "minecraft:enchantment_glint_override": true
            }
        },
        "title": {
            "translate": "lbc.adv.potion.add_mana_verybig"
        },
        "description": {
            "translate": "lbc.adv.potion.add_mana_verybig.lore"
        },
        "frame": "challenge",
        "show_toast": true,
        "announce_to_chat": true,
        "hidden": false
    },
    "parent": "lbc:true_advancements/potions/add_mana_big",
    "criteria": {
        "requirement": {
            "trigger": "minecraft:impossible"
        }
    }
}