{
    "display": {
        "icon": {
            "id": "minecraft:splash_potion",
            "components": {
                "minecraft:potion_contents": {
                    "custom_color": 16753151
                }
            }
        },
        "title": {
            "translate": "lbc.adv.potion.chaotic"
        },
        "description": {
            "translate": "lbc.adv.potion.chaotic.lore"
        },
        "frame": "task",
        "show_toast": true,
        "announce_to_chat": false,
        "hidden": false
    },
    "parent": "lbc:true_advancements/potions/op",
    "criteria": {
        "requirement": {
            "trigger": "minecraft:inventory_changed",
            "conditions": {
                "player": [
                    {
                        "condition": "minecraft:inverted",
                        "term": {
                            "condition": "minecraft:entity_properties",
                            "entity": "this",
                            "predicate": {
                                "nbt": "{playerGameType:3}"
                            }
                        }
                    }
                ],
                "items": [
                    {
                        "components": {
                            "minecraft:custom_data": "{transformable: 1,potion: 1}",
                            "minecraft:hide_additional_tooltip": {},
                            "minecraft:potion_contents": {
                                "custom_effects": [
                                    {
                                        "id": "minecraft:raid_omen",
                                        "amplifier": 40,
                                        "duration": 300,
                                        "show_particles": false
                                    }
                                ],
                                "custom_color": 16753151
                            }
                        }
                    }
                ]
            }
        }
    }
}