{
    "display": {
        "icon": {
            "id": "minecraft:repeating_command_block",
            "components": {
                "minecraft:item_model": "lbc:advancement_icon/target"
            }
        },
        "title": {
            "translate": "lbc.adv.potion.effect_target"
        },
        "description": {
            "translate": "lbc.adv.potion.effect_target.lore"
        },
        "frame": "task",
        "show_toast": true,
        "announce_to_chat": false,
        "hidden": false
    },
    "parent": "lbc:true_advancements/potions/effect_scared",
    "criteria": {
        "requirement": {
            "trigger": "minecraft:impossible"
        }
    }
}