{
    "display": {
        "icon": {
            "id": "minecraft:repeating_command_block",
            "components": {"minecraft:custom_model_data":585}
        },
        "title": {
            "translate": "lbc.adv.potion.effect_kiuaskivi"
        },
        "description": {
            "translate": "lbc.adv.potion.effect_kiuaskivi.lore"
        },
        "frame": "task",
        "show_toast": true,
        "announce_to_chat": false,
        "hidden": false
    },
    "parent": "lbc:true_advancements/potions/effect_lightarrow",
    "criteria": {
        "requirement": {
            "trigger": "minecraft:effects_changed",
            "conditions": {
                "player": [
          {
            "condition": "minecraft:inverted",
            "term": {
              "condition": "minecraft:entity_properties",
              "entity": "this",
              "predicate": {
                "nbt": "{playerGameType:3}"
              }
            }
          }
        ],
                "effects": {
                    "minecraft:raid_omen": {
                        "amplifier": 111
                    }
                }
            }
        }
    }
}