{
    "display": {
        "icon": {
            "id": "minecraft:repeating_command_block",
            "components": {
                "minecraft:item_model": "lbc:advancement_icon/conduit_power"
            }
        },
        "title": {
            "translate": "lbc.adv.potion.effect_high_conduit_power"
        },
        "description": {
            "translate": "lbc.adv.potion.effect_high_conduit_power.lore"
        },
        "frame": "task",
        "show_toast": true,
        "announce_to_chat": false,
        "hidden": false
    },
    "parent": "lbc:true_advancements/potions/effect_high_water_breathing",
    "criteria": {
        "requirement": {
            "trigger": "minecraft:effects_changed",
            "conditions": {
                "player": [
                    {
                        "condition": "minecraft:inverted",
                        "term": {
                            "condition": "minecraft:entity_properties",
                            "entity": "this",
                            "predicate": {
                                "nbt": "{playerGameType:3}"
                            }
                        }
                    }
                ],
                "effects": {
                    "minecraft:conduit_power": {
                        "amplifier": {
                            "min": 1
                        }
                    }
                }
            }
        }
    }
}