{
    "display": {
        "icon": {
            "id": "minecraft:repeating_command_block",
            "components": {"minecraft:custom_model_data":625}
        },
        "title": {
            "translate": "lbc.adv.potion.effect_scared"
        },
        "description": {
            "translate": "lbc.adv.potion.effect_scared.lore"
        },
        "frame": "task",
        "show_toast": true,
        "announce_to_chat": false,
        "hidden": false
    },
    "parent": "lbc:true_advancements/potions/effect_lookback",
    "criteria": {
        "requirement": {
            "trigger": "minecraft:impossible"
        }
    }
}