{
    "display": {
        "icon": {
            "id": "minecraft:lingering_potion",
            "components": {
                "minecraft:potion_contents": {}
            }
        },
        "title": {
            "translate": "lbc.adv.potion.gvozd"
        },
        "description": {
            "translate": "lbc.adv.potion.gvozd.lore"
        },
        "frame": "task",
        "show_toast": true,
        "announce_to_chat": true,
        "hidden": false
    },
    "parent": "lbc:true_advancements/potions",
    "criteria": {
        "requirement": {
            "trigger": "minecraft:inventory_changed",
            "conditions": {
                "player": [
                    {
                        "condition": "minecraft:inverted",
                        "term": {
                            "condition": "minecraft:entity_properties",
                            "entity": "this",
                            "predicate": {
                                "nbt": "{playerGameType:3}"
                            }
                        }
                    }
                ],
                "items": [
                    {
                        "items": [
                            "minecraft:tipped_arrow"
                        ],
                        "components": {
                            "potion_contents": {
                                "custom_effects": [
                                    {
                                        "id": "minecraft:instant_damage",
                                        "amplifier": 1,
                                        "duration": 1
                                    },
                                    {
                                        "id": "minecraft:nausea",
                                        "amplifier": 5,
                                        "duration": 220
                                    },
                                    {
                                        "id": "minecraft:regeneration",
                                        "amplifier": 5,
                                        "duration": 60
                                    },
                                    {
                                        "id": "minecraft:invisibility",
                                        "amplifier": 5,
                                        "duration": 220
                                    },
                                    {
                                        "id": "minecraft:night_vision",
                                        "amplifier": 5,
                                        "duration": 220
                                    },
                                    {
                                        "id": "minecraft:hunger",
                                        "amplifier": 5,
                                        "duration": 220
                                    },
                                    {
                                        "id": "minecraft:poison",
                                        "amplifier": 5,
                                        "duration": 220
                                    },
                                    {
                                        "id": "minecraft:health_boost",
                                        "amplifier": 5,
                                        "duration": 60
                                    },
                                    {
                                        "id": "minecraft:glowing",
                                        "amplifier": 5,
                                        "duration": 220
                                    },
                                    {
                                        "id": "minecraft:levitation",
                                        "amplifier": 6,
                                        "duration": 60
                                    },
                                    {
                                        "id": "minecraft:luck",
                                        "amplifier": 5,
                                        "duration": 220
                                    },
                                    {
                                        "id": "minecraft:unluck",
                                        "amplifier": 6,
                                        "duration": 220
                                    }
                                ]
                            }
                        }
                    }
                ]
            }
        }
    }
}