{
    "display": {
        "icon": {
            "id": "minecraft:potion",
            "components": {
                "minecraft:potion_contents": {
                  "custom_color": 11380991
                }
              }
        },
        "title": {
            "translate": "lbc.adv.potion.mana_temp"
        },
        "description": {
            "translate": "lbc.adv.potion.mana_temp.lore"
        },
        "frame": "task",
        "show_toast": true,
        "announce_to_chat": true,
        "hidden": false
    },
    "parent": "lbc:true_advancements/potions/succubus",
    "criteria": {
        "requirement": {
            "trigger": "minecraft:impossible"
        }
    }
}