{
    "display": {
        "icon": {
            "id": "minecraft:repeating_command_block",
            "components": {"minecraft:custom_model_data":587}
        },
        "title": {
            "translate": "lbc.adv.potion.no_mana"
        },
        "description": {
            "translate": "lbc.adv.potion.no_mana.lore"
        },
        "frame": "task",
        "show_toast": true,
        "announce_to_chat": true,
        "hidden": false
    },
    "parent": "lbc:true_advancements/potions/remove_mana",
    "criteria": {
        "requirement": {
            "trigger": "minecraft:impossible"
        }
    }
}