{
    "display": {
        "icon": {
            "id": "minecraft:potion",
            "components": {
                "minecraft:custom_model_data": 530,
                "minecraft:potion_contents": {
                    "custom_color": 16777215
                }
            }
        },
        "title": {
            "translate": "lbc.adv.potion.op"
        },
        "description": {
            "translate": "lbc.adv.potion.op.lore"
        },
        "frame": "task",
        "show_toast": true,
        "announce_to_chat": true,
        "hidden": false
    },
    "parent": "lbc:true_advancements/potions/gvozd",
    "criteria": {
        "requirement": {
            "trigger": "minecraft:player_killed_entity",
            "conditions": {
                "player": [
                    {
                        "condition": "minecraft:entity_properties",
                        "entity": "this",
                        "predicate": {
                            "effects": {
                                "minecraft:night_vision": {
                                    "amplifier": 61
                                }
                            }
                        }
                    }
                ],
                "entity": [
                    {
                        "condition": "minecraft:entity_properties",
                        "entity": "this",
                        "predicate": {
                            "type": "minecraft:player"
                        }
                    }
                ]
            }
        }
    }
}