{
    "display": {
        "icon": {
            "id": "minecraft:lingering_potion",
            "components": {
                "minecraft:potion_contents": {
                    "custom_color": 16056821
                }
            }
        },
        "title": {
            "translate": "lbc.adv.potion.remove_mana"
        },
        "description": {
            "translate": "lbc.adv.potion.remove_mana.lore"
        },
        "frame": "task",
        "show_toast": true,
        "announce_to_chat": true,
        "hidden": false
    },
    "parent": "lbc:true_advancements/potions/add_mana",
    "criteria": {
        "requirement": {
            "trigger": "minecraft:inventory_changed",
            "conditions": {
                "player": [
                    {
                        "condition": "minecraft:inverted",
                        "term": {
                            "condition": "minecraft:entity_properties",
                            "entity": "this",
                            "predicate": {
                                "nbt": "{playerGameType:3}"
                            }
                        }
                    }
                ],
                "items": [
                    {
                        "items": [
                            "minecraft:tipped_arrow"
                        ],
                        "components": {
                            "potion_contents": {
                                "custom_effects": [
                                    {
                                        "id": "minecraft:raid_omen",
                                        "amplifier": 20,
                                        "duration": 5,
                                        "show_particles": false
                                    }
                                ],
                                "custom_color": 16056821
                            }
                        }
                    }
                ]
            }
        }
    }
}