{
    "display": {
        "icon": {
            "id": "minecraft:golden_chestplate",
            "components": {
                "minecraft:enchantment_glint_override": true
            }
        },
        "title": {
            "translate": "lbc.adv.armor.multiplying"
        },
        "description": {
            "translate": "lbc.adv.armor.multiplying.lore"
        },
        "frame": "challenge",
        "show_toast": true,
        "announce_to_chat": true,
        "hidden": false
    },
    "parent": "lbc:true_advancements/armor",
    "criteria": {
        "requirement": {
            "trigger": "minecraft:player_killed_entity",
            "conditions": {
                "player": [
                    {
                        "condition": "minecraft:inverted",
                        "term": {
                            "condition": "minecraft:entity_properties",
                            "entity": "this",
                            "predicate": {
                                "nbt": "{playerGameType:3}"
                            }
                        }
                    },
                    {
                        "condition": "minecraft:entity_properties",
                        "entity": "this",
                        "predicate": {
                            "equipment": {
                                "head": {
                                    "predicates": {
                                        "minecraft:custom_data": "{multiplying: 1}"
                                        
                                    }
                                },
                                "chest": {
                                    "predicates": {
                                        "minecraft:custom_data": "{multiplying: 1}"
                                        
                                    }
                                },
                                "legs": {
                                    "predicates": {
                                        "minecraft:custom_data": "{multiplying: 1}"
                                        
                                    }
                                },
                                "feet": {
                                    "predicates": {
                                        "minecraft:custom_data": "{multiplying: 1}"
                                        
                                    }
                                }
                            }
                        }
                    }
                ],
                "entity": [
                    {
                        "condition": "minecraft:entity_properties",
                        "entity": "this",
                        "predicate": {
                            "type": "minecraft:player"
                        }
                    }
                ]
            }
        }
    },
    "rewards": {
        "function": "lbc:swrg_kit_integration/gain/kit"
    }
}