{
    "display": {
        "icon": {
            "id": "minecraft:leather_helmet",
            "components": {"minecraft:custom_model_data":5,"minecraft:enchantment_glint_override": true}
        },
        "title": {
            "translate": "lbc.adv.armor.shitty_full"
        },
        "description": {
            "translate": "lbc.adv.armor.shitty_full.lore"
        },
        "frame": "challenge",
        "show_toast": true,
        "announce_to_chat": true,
        "hidden": false
    },
    "parent": "lbc:true_advancements/armor/shitty",
    "criteria": {
        "requirement": {
            "trigger": "minecraft:inventory_changed",
            "conditions": {
                "player": [
                    {
                        "condition": "minecraft:inverted",
                        "term": {
                            "condition": "minecraft:entity_properties",
                            "entity": "this",
                            "predicate": {
                                "nbt": "{playerGameType:3}"
                            }
                        }
                    },
                    {
                        "condition": "minecraft:entity_properties",
                        "entity": "this",
                        "predicate": {
                            "equipment": {
                                "head": {
                                    "predicates": {
                                        "minecraft:custom_data": {
                                            "gownoleggings": true
                                        }
                                    }
                                },
                                "chest": {
                                    "predicates": {
                                        "minecraft:custom_data": {
                                            "gownoleggings": true
                                        }
                                    }
                                },
                                "legs": {
                                    "predicates": {
                                        "minecraft:custom_data": {
                                            "gownoleggings": true
                                        }
                                    }
                                },
                                "feet": {
                                    "predicates": {
                                        "minecraft:custom_data": {
                                            "gownoleggings": true
                                        }
                                    }
                                }
                            }
                        }
                    }
                ],
                "items": [
                    {
                        "predicates": {
                            "minecraft:custom_data": {
                              "transformable": true,
                              "shooter": true,
                              "govnomet": true
                            }
                          }
                    },
                    {
                        "predicates": {
                            "minecraft:custom_data": {
                              "transformable": true,
                              "sword": true,
                              "shit_katana": true
                            }
                          }
                    }
                ]
            }
        }
    },
    "rewards": {
        "function": "lbc:swrg_kit_integration/gain/skill"
    }
}