{
    "display": {
        "icon": {
            "id": "minecraft:leather_helmet",
            "components": {
                "minecraft:custom_model_data": 1,
                "minecraft:enchantment_glint_override": true
            }
        },
        "title": {
            "translate": "lbc.adv.armor.techno_full"
        },
        "description": {
            "translate": "lbc.adv.armor.techno_full.lore"
        },
        "frame": "challenge",
        "show_toast": true,
        "announce_to_chat": true,
        "hidden": false
    },
    "parent": "lbc:true_advancements/armor/techno",
    "criteria": {
        "requirement": {
            "trigger": "minecraft:inventory_changed",
            "conditions": {
                "player": [
                    {
                        "condition": "minecraft:inverted",
                        "term": {
                            "condition": "minecraft:entity_properties",
                            "entity": "this",
                            "predicate": {
                                "nbt": "{playerGameType:3}"
                            }
                        }
                    },
                    {
                        "condition": "minecraft:entity_properties",
                        "entity": "this",
                        "predicate": {
                            "equipment": {
                                "head": {
                                    "predicates": {
                                        "minecraft:custom_data": {
                                            "techno": true
                                        }
                                    }
                                },
                                "chest": {
                                    "predicates": {
                                        "minecraft:custom_data": {
                                            "techno": true
                                        }
                                    }
                                },
                                "legs": {
                                    "predicates": {
                                        "minecraft:custom_data": {
                                            "techno": true
                                        }
                                    }
                                },
                                "feet": {
                                    "predicates": {
                                        "minecraft:custom_data": {
                                            "techno": true
                                        }
                                    }
                                }
                            }
                        }
                    }
                ],
                "items": [
                    {
                        "predicates": {
                            "minecraft:custom_data": {
                                "transformable": true,
                                "sword": true,
                                "cyberkatana": true
                            }
                        }
                    },
                    {
                        "predicates": {
                            "minecraft:custom_data": {
                                "transformable": true,
                                "staff": true,
                                "cyberset": true
                            }
                        }
                    },
                    {
                        "predicates": {
                            "minecraft:custom_data": {
                                "transformable": true,
                                "bow": true,
                                "railgun_bow": true
                            }
                        }
                    },
                    {
                        "predicates": {
                            "minecraft:custom_data": {
                                "transformable": true,
                                "shield": true,
                                "energyshield": true
                            }
                        }
                    }
                ]
            }
        }
    },
    "rewards": {
        "function": "lbc:swrg_kit_integration/gain/skill"
    }
}