{
    "display": {
        "icon": {
            "id": "minecraft:iron_pickaxe",
            "components": {"minecraft:enchantment_glint_override": true}
        },
        "title": {
            "translate": "lbc.adv.pickaxe.randchanted_pickaxe"
        },
        "description": {
            "translate": "lbc.adv.pickaxe.randchanted_pickaxe.lore"
        },
        "frame": "task",
        "show_toast": true,
        "announce_to_chat": true,
        "hidden": false
    },
    "parent": "lbc:true_advancements/pickaxes",
    "criteria": {
        "requirement": {
            "trigger": "minecraft:inventory_changed",
            "conditions": {
                "player": [
          {
            "condition": "minecraft:inverted",
            "term": {
              "condition": "minecraft:entity_properties",
              "entity": "this",
              "predicate": {
                "nbt": "{playerGameType:3}"
              }
            }
          }
        ],
                "items": [
                    {
                        "predicates": {
                            "minecraft:enchantments": [
                              {
                                "enchantments": "minecraft:fortune",
                                "levels": 3
                              }
                            ],
                            "minecraft:custom_data": {
                              "transformable": true,
                              "pickaxe": true,
                              "randchanted": true
                            }
                          }
                    }
                ]
            }
        }
    }
}