{
    "display": {
        "icon": {
            "id": "minecraft:diamond_pickaxe",
            "components": {
                "minecraft:enchantment_glint_override": true
            }
        },
        "title": {
            "translate": "lbc.adv.pickaxe.silk"
        },
        "description": {
            "translate": "lbc.adv.pickaxe.silk.lore"
        },
        "frame": "task",
        "show_toast": true,
        "announce_to_chat": true,
        "hidden": false
    },
    "parent": "lbc:true_advancements/pickaxes/randchanted",
    "criteria": {
        "requirement": {
            "trigger": "minecraft:impossible"
        }
    }
}