[
    {
        "function": "minecraft:set_components",
        "components": {
            "minecraft:attribute_modifiers": [
                {
                    "type": "minecraft:generic.armor_toughness",
                    "slot": "head",
                    "id": "jjfjgfjfjyfjyfjyfjyfjs",
                    "amount": 1.5,
                    "operation": "add_value"
                }
            ],
            "minecraft:custom_data": {
                "tanner_upgraded": 1
            }
        }
    }
]