[
    {
        "function": "minecraft:set_components",
        "components": {
            "minecraft:custom_data": {
                "transformable": true,
                "leggings": true,
                "glass": true
            },
            "minecraft:custom_model_data": 20,
            "minecraft:max_damage": 150,
            "minecraft:dyed_color": {
                "rgb": 256,
                "show_in_tooltip": false
            }
        }
    },
    {
        "function": "minecraft:set_name",
        "name": {
            "translate": "glass_leggings",
            "color": "white",
            "italic": false
        }
    },
    {
        "function": "set_lore",
        "mode": "replace_all",
        "lore": [
            [
                {
                    "translate": "type",
                    "italic": false,
                    "color": "aqua"
                },
                {
                    "translate": "leggings",
                    "italic": false,
                    "color": "aqua"
                }
            ],
            {
                "translate": "glass.lore",
                "italic": false,
                "color": "aqua"
            }
        ]
    },
    {
        "function": "minecraft:set_attributes",
        "modifiers": [
            {
                "attribute": "minecraft:generic.armor",
                "amount": {
                    "type": "minecraft:score",
                    "target": {
                        "type": "minecraft:fixed",
                        "name": "#tmp2"
                    },
                    "score": "lbc.math",
                    "scale": 0.0009
                },
                "operation": "add_value",
                "id": "71eaf780-80f9-4861-8a64-49ab1247121b",
                "slot": "legs"
            },
            {
                "attribute": "minecraft:generic.armor_toughness",
                "amount": {
                    "type": "minecraft:score",
                    "target": {
                        "type": "minecraft:fixed",
                        "name": "#tmp2"
                    },
                    "score": "lbc.math",
                    "scale": 0.0009
                },
                "operation": "add_value",
                "id": "71eaf780-80f9-4861-8a64-49ab1247121b",
                "slot": "legs"
            }
        ]
    }
]