{
    "display": {
        "icon": {
            "id": "minecraft:repeating_command_block",
            "components": {
                "minecraft:custom_model_data": 556
            }
        },
        "title": {
            "translate": "lbc.adv.accessories.devil_stomach"
        },
        "description": {
            "translate": "lbc.adv.accessories.devil_stomach.lore"
        },
        "frame": "task",
        "show_toast": true,
        "announce_to_chat": true,
        "hidden": false
    },
    "parent": "lbc:true_advancements/accesories/magnet",
    "criteria": {
        "requirement": {
            "trigger": "minecraft:impossible"
        }
    },
    "rewards": {
        "function": "lbc:swrg_kit_integration/gain/kit"
    }
}