{
    "display": {
        "icon": {
            "id": "minecraft:repeating_command_block",
            "components": {"minecraft:custom_model_data":554}
        },
        "title": {
            "translate": "lbc.adv.accessories.magnet"
        },
        "description": {
            "translate": "lbc.adv.accessories.magnet.lore"
        },
        "frame": "task",
        "show_toast": true,
        "announce_to_chat": true,
        "hidden": false
    },
    "parent": "lbc:true_advancements/accesories/mana_belt",
    "criteria": {
        "requirement": {
            "trigger": "minecraft:impossible"
        }
    },
    "rewards": {
        "function": "lbc:swrg_kit_integration/gain/skill"
    }
}