{
    "display": {
        "icon": {
            "id": "minecraft:repeating_command_block",
            "components": {
                "minecraft:item_model": "lbc:regenerationbelt"
            }
        },
        "title": {
            "translate": "lbc.adv.accessories.regeneration_belt"
        },
        "description": {
            "translate": "lbc.adv.accessories.regeneration_belt.lore"
        },
        "frame": "task",
        "show_toast": true,
        "announce_to_chat": true,
        "hidden": false
    },
    "parent": "lbc:true_advancements/accesories/sand_amulet",
    "criteria": {
        "requirement": {
            "trigger": "minecraft:impossible"
        }
    },
    "rewards": {
        "function": "lbc:swrg_kit_integration/gain/levelup"
    }
}