{
  "criteria": {
    "requirement": {
      "trigger": "minecraft:consume_item",
      "conditions": {
        "item": {
          "predicates": {
            "minecraft:custom_data": {
              "aimbobapple": true
            }
          }
        },
        "player": [
          {
            "condition": "minecraft:inverted",
            "term": {
              "condition": "minecraft:entity_properties",
              "entity": "this",
              "predicate": {
                "location": {
                  "dimension": "minecraft:nexus"
                }
              }
            }
          }
        ]
      }
    }
  },
  "rewards": {
    "function": "lbc:other/aimbob_apple"
  }
}