{
    "criteria": {
      "requirement": {
        "trigger": "minecraft:placed_block",
        "conditions": {
          "location": [
            {
              "condition": "minecraft:match_tool",
              "predicate": {
                "predicates": {
                  "minecraft:custom_data": {
                    "blood_slab": true
                  }
                }
              }
            }
          ],
          "player": [
            {
              "condition": "minecraft:inverted",
              "term": {
                "condition": "minecraft:entity_properties",
                "entity": "this",
                "predicate": {
                  "location": {
                    "dimension": "minecraft:nexus"
                  }
                }
              }
            }
          ]
        }
      }
    },
    "rewards": {
      "function": "lbc:other/imba/blood_slab/place"
    }
  }
  