{
    "criteria": {
        "requirement": {
            "trigger": "minecraft:using_item",
            "conditions": {
                "item": {
                    "items": [
                        "minecraft:bow"
                    ]
                },
                "player": [
                    {
                        "condition": "minecraft:inverted",
                        "term": {
                            "condition": "minecraft:entity_properties",
                            "entity": "this",
                            "predicate": {
                                "location": {
                                    "dimension": "minecraft:nexus"
                                }
                            }
                        }
                    },
                    {
                        "condition": "minecraft:inverted",
                        "term": {
                            "condition": "minecraft:entity_properties",
                            "entity": "this",
                            "predicate": {
                                "location": {
                                    "dimension": "minecraft:imprinted"
                                }
                            }
                        }
                    }
                ]
            }
        }
    },
    "rewards": {
        "function": "lbc:items/bows/charge_add"
    }
}