{
  "criteria": {
    "requirement": {
      "trigger": "minecraft:player_interacted_with_entity",
      "conditions": {
        "item": {
          "items": [
            "minecraft:arrow"
          ],
          "count": 64
        },
        "entity": {
          "type": "minecraft:interaction",
          "nbt": "{Tags:[\"supply_drop\"]}"
        },
        "player": [
          {
            "condition": "minecraft:inverted",
            "term": {
              "condition": "minecraft:entity_properties",
              "entity": "this",
              "predicate": {
                "location": {
                  "dimension": "minecraft:nexus"
                }
              }
            }
          }
        ]
      }
    }
  },
  "rewards": {
    "function": "lbc:other/techno/trade_arrows"
  }
}