{
  "criteria": {
    "requirement": {
      "trigger": "minecraft:player_killed_entity",
      "conditions": {
        "player": [
          {
            "condition": "minecraft:entity_properties",
            "entity": "this",
            "predicate": {
              "equipment": {
                "mainhand": {
                  "predicates": {
                    "minecraft:custom_data": {
                      "death_skythe": true
                    }
                  }
                }
              }
            }
          },
          {
              "condition": "minecraft:inverted",
              "term": {
                  "condition": "minecraft:entity_properties",
                  "entity": "this",
                  "predicate": {
                      "location": {
                          "dimension": "minecraft:nexus"
                      }
                  }
              }
          }
        ]
      }
    }
  },
  "rewards": {
    "function": "lbc:workingitems/death_skythe_kill"
  }
}
