{
    "criteria": {
      "requirement": {
        "trigger": "minecraft:consume_item",
        "conditions": {
          "item": {
            "predicates": {
              "minecraft:custom_data": {
                "golden_rabbit": true
              }
            }
          },
          "player": [
            {
              "condition": "minecraft:inverted",
              "term": {
                "condition": "minecraft:entity_properties",
                "entity": "this",
                "predicate": {
                  "location": {
                    "dimension": "minecraft:nexus"
                  }
                }
              }
            }
          ]
        }
      }
    },
    "rewards": {
      "function": "lbc:other/eatables/golden_rabbit"
    }
  }
  