{
  "criteria": {
    "requirement": {
      "trigger": "minecraft:player_hurt_entity",
      "conditions": {
        "damage": {
          "blocked": false,
          "type": {
            "tags": [
              {
                "id": "minecraft:arrow_only",
                "expected": false
              }
            ]
          }
        },
        "entity": [
          {
            "condition": "inverted",
            "term": {
              "condition": "minecraft:entity_properties",
              "entity": "this",
              "predicate": {
                "type": "interaction"
              }
            }
          }
        ],
        "player": [
          {
            "condition": "minecraft:inverted",
            "term": {
              "condition": "minecraft:entity_properties",
              "entity": "this",
              "predicate": {
                "location": {
                  "dimension": "minecraft:nexus"
                }
              }
            }
          }
        ]
      }
    }
  },
  "rewards": {
    "function": "lbc:items/swords"
  }
}