{
    "criteria": {
        "requirement": {
            "trigger": "minecraft:player_hurt_entity",
            "conditions": {
                "damage": {
                    "blocked": false,
                    "type": {
                        "tags": [
                            {
                                "id": "minecraft:arrow_only",
                                "expected": false
                            }
                        ]
                    }
                },
                "entity": [
                    {
                        "condition": "minecraft:inverted",
                        "term": {
                            "condition": "minecraft:entity_properties",
                            "entity": "this",
                            "predicate": {
                                "type": "minecraft:interaction"
                            }
                        }
                    }
                ],
                "player": [
                    {
                        "condition": "minecraft:inverted",
                        "term": {
                            "condition": "minecraft:entity_properties",
                            "entity": "this",
                            "predicate": {
                                "location": {
                                    "dimension": "minecraft:nexus"
                                }
                            }
                        }
                    },
                    {
                        "condition": "minecraft:inverted",
                        "term": {
                            "condition": "minecraft:entity_properties",
                            "entity": "this",
                            "predicate": {
                                "location": {
                                    "dimension": "minecraft:imprinted"
                                }
                            }
                        }
                    }
                ]
            }
        }
    },
    "rewards": {
        "function": "lbc:items/swords"
    }
}