{
  "criteria": {
    "requirement": {
      "trigger": "minecraft:used_totem",
      "conditions": {
        "item": {
          "predicates": {
            "minecraft:enchantments": [
              {
                "enchantments": "minecraft:infinity",
                "levels": 1
              }
            ],
            "minecraft:custom_data": {
              "transformable": true,
              "totem": true
            }
          }
        },
        "player": [
          {
            "condition": "minecraft:inverted",
            "term": {
              "condition": "minecraft:entity_properties",
              "entity": "this",
              "predicate": {
                "location": {
                  "dimension": "minecraft:nexus"
                }
              }
            }
          }
        ]
      }
    }
  },
  "rewards": {
    "function": "lbc:other/infinite_totem"
  }
}