{
    "criteria": {
        "requirement": {
            "trigger": "minecraft:used_totem",
            "conditions": {
                "item": {
                    "predicates": {
                        "minecraft:enchantments": [
                            {
                                "enchantments": "minecraft:infinity",
                                "levels": 1
                            }
                        ],
                        "minecraft:custom_data": "{transformable:1,totem:1}"
                    }
                },
                "player": [
                    {
                        "condition": "minecraft:inverted",
                        "term": {
                            "condition": "minecraft:entity_properties",
                            "entity": "this",
                            "predicate": {
                                "location": {
                                    "dimension": "minecraft:nexus"
                                }
                            }
                        }
                    },
                    {
                        "condition": "minecraft:inverted",
                        "term": {
                            "condition": "minecraft:entity_properties",
                            "entity": "this",
                            "predicate": {
                                "location": {
                                    "dimension": "minecraft:imprinted"
                                }
                            }
                        }
                    }
                ]
            }
        }
    },
    "rewards": {
        "function": "lbc:other/infinite_totem"
    }
}