{
    "criteria": {
      "requirement": {
        "trigger": "minecraft:player_interacted_with_entity",
        "conditions": {
          "player": [
            {
              "condition": "minecraft:inverted",
              "term": {
                "condition": "minecraft:entity_properties",
                "entity": "this",
                "predicate": {
                  "nbt": "{playerGameType:3}"
                }
              }
            },{
              "condition": "minecraft:inverted",
              "term": {
                "condition": "minecraft:entity_properties",
                "entity": "this",
                "predicate": {
                  "location": {
                    "dimension": "minecraft:nexus"
                  }
                }
              }
            }
          ],
          "item": {
            "predicates": {
              "minecraft:custom_data": {
                "staff": true
              }
            }
          },
          "entity": [
            {
              "condition": "minecraft:entity_properties",
              "entity": "this",
              "predicate": {
                "type": "minecraft:interaction",
                "nbt": "{Tags:['magic_academy']}"
              }
            }
          ]
        }
      }
    },
    "rewards": {
      "function": "lbc:other/magic_academy/interacted"
    }
  }
  