{
    "criteria": {
      "requirement": {
        "trigger": "minecraft:player_interacted_with_entity",
        "conditions": {
          "player": [
            {
              "condition": "minecraft:inverted",
              "term": {
                "condition": "minecraft:entity_properties",
                "entity": "this",
                "predicate": {
                  "nbt": "{playerGameType:3}"
                }
              }
            }
          ],
          "item": {
            "predicates": {
              "minecraft:custom_data": {
                "nexus_wire_red": true
              }
            }
          },
          "entity": [
            {
              "condition": "minecraft:entity_properties",
              "entity": "this",
              "predicate": {
                "type": "minecraft:interaction",
                "nbt": "{Tags:['wire_converter_red']}"
              }
            }
          ]
        }
      }
    },
    "rewards": {
      "function": "lbc:other/nexus/interacted_red"
    }
  }
  