{
    "criteria": {
        "requirement": {
            "trigger": "minecraft:player_interacted_with_entity",
            "conditions": {
                "player": [
                    {
                        "condition": "minecraft:inverted",
                        "term": {
                            "condition": "minecraft:entity_properties",
                            "entity": "this",
                            "predicate": {
                                "nbt": "{playerGameType:3}"
                            }
                        }
                    }
                ],
                "item": {
                    "predicates": {
                        "minecraft:custom_data": "{nexus_wire_white:1}"
                    }
                },
                "entity": [
                    {
                        "condition": "minecraft:entity_properties",
                        "entity": "this",
                        "predicate": {
                            "type": "minecraft:interaction",
                            "nbt": "{Tags:[\"wire_converter_white\"]}"
                        }
                    }
                ]
            }
        }
    },
    "rewards": {
        "function": "lbc:other/nexus/interacted_white"
    }
}