{
    "criteria": {
        "requirement": {
            "trigger": "minecraft:player_killed_entity",
            "conditions": {
                "player": [
                    {
                        "condition": "minecraft:entity_scores",
                        "entity": "this",
                        "scores": {
                            "november": 1
                        }
                    }
                ],
                "entity": [
                    {
                        "condition": "minecraft:entity_scores",
                        "entity": "this",
                        "scores": {
                            "november": 2
                        }
                    }
                ]
            }
        }
    },
    "rewards": {
        "function": "lbc:items/jedi_killed_sith"
    }
}