{
    "criteria": {
        "requirement": {
            "trigger": "minecraft:entity_killed_player",
            "conditions": {
                "entity": [
                    {
                        "condition": "minecraft:entity_properties",
                        "entity": "this",
                        "predicate": {"nbt": "{Tags:[\"exoper\"]}"}
                    }
                ]
            }
        }
    },
    "rewards": {
        "function": "lbc:workingitems/exoperso_killed"
    }
}