{
    "criteria": {
        "requirement": {
            "trigger": "minecraft:player_hurt_entity",
            "conditions": {
                "player": [],
                "entity": [
                    {
                        "condition": "entity_properties",
                        "entity": "this",
                        "predicate": {
                            "type": "minecraft:player",
                            "nbt": "{Inventory:[{components:{\"minecraft:custom_data\":{\"upgraded\":1}}}]}"
                        }
                    }
                ],
                "damage": {
                    "type": {
                        "direct_entity": {
                            "type": "minecraft:arrow",
                            "nbt": "{Tags:[madoka_arrow]}"
                        }
                    }
                }
            }
        }
    },
    "rewards": {
        "function": "lbc:items/bows/kaname_bow/hit_adv"
    }
}