{
    "criteria": {
      "requirement": {
        "trigger": "minecraft:player_interacted_with_entity",
        "conditions": {
          "item": {
            "nbt": "{\"techno\":1b}"
          },
          "entity": {
            "type": "minecraft:armor_stand"
          },
          "player": [
            {
              "condition": "minecraft:inverted",
              "term": {
                "condition": "minecraft:entity_properties",
                "entity": "this",
                "predicate": {
                  "location": {
                    "dimension": "minecraft:nexus"
                  }
                }
              }
            }
          ]
        }
      }
    },
    "rewards": {
      "function": "lbc:other/techno/test_create_boss"
    }
  }
  