{
    "criteria": {
        "requirement": {
            "trigger": "minecraft:player_interacted_with_entity",
            "conditions": {
                "item": {
                    "predicates": {
                        "minecraft:custom_data": "{techno:1}"
                    }
                },
                "entity": {
                    "type": "minecraft:armor_stand"
                },
                "player": [
                    {
                        "condition": "minecraft:inverted",
                        "term": {
                            "condition": "minecraft:entity_properties",
                            "entity": "this",
                            "predicate": {
                                "location": {
                                    "dimension": "minecraft:nexus"
                                }
                            }
                        }
                    },
                    {
                        "condition": "minecraft:inverted",
                        "term": {
                            "condition": "minecraft:entity_properties",
                            "entity": "this",
                            "predicate": {
                                "location": {
                                    "dimension": "minecraft:imprinted"
                                }
                            }
                        }
                    }
                ]
            }
        }
    },
    "rewards": {
        "function": "lbc:other/techno/test_create_boss"
    }
}