{
    "criteria": {
      "requirement": {
        "trigger": "minecraft:player_killed_entity",
        "conditions": {
          "player": [
            {
                "condition": "minecraft:inverted",
                "term": {
                    "condition": "minecraft:entity_properties",
                    "entity": "this",
                    "predicate": {
                        "location": {
                            "dimension": "minecraft:nexus"
                        }
                    }
                }
            }
          ]
        }
      }
    },
    "rewards": {
      "function": "lbc:items/player_killed_entity"
    }
  }
  