{
    "criteria": {
        "requirement": {
            "trigger": "minecraft:inventory_changed",
            "conditions": {
                "player": [
                    {
                        "condition": "minecraft:inverted",
                        "term": {
                            "condition": "minecraft:entity_properties",
                            "entity": "this",
                            "predicate": {
                                "equipment": {
                                    "feet": {
                                        "predicates": {
                                            "minecraft:custom_data": "{technomk2:1}"
                                        }
                                    }
                                }
                            }
                        }
                    },
                    {
                        "condition": "minecraft:entity_properties",
                        "entity": "this",
                        "predicate": {
                            "nbt": "{Tags:[\"technomk2fly\"]}"
                        }
                    },
                    {
                        "condition": "minecraft:inverted",
                        "term": {
                            "condition": "minecraft:entity_properties",
                            "entity": "this",
                            "predicate": {
                                "location": {
                                    "dimension": "minecraft:nexus"
                                }
                            }
                        }
                    },
                    {
                        "condition": "minecraft:inverted",
                        "term": {
                            "condition": "minecraft:entity_properties",
                            "entity": "this",
                            "predicate": {
                                "location": {
                                    "dimension": "minecraft:imprinted"
                                }
                            }
                        }
                    }
                ]
            }
        }
    },
    "rewards": {
        "function": "lbc:armor/technomk2/take_off"
    }
}