{
    "criteria": {
        "requirement": {
            "trigger": "minecraft:effects_changed",
            "conditions": {
                "effects": {
                    "minecraft:slowness": {}
                },
                "player": [
                    {
                        "condition": "minecraft:inverted",
                        "term": {
                            "condition": "minecraft:entity_properties",
                            "entity": "this",
                            "predicate": {
                                "location": {
                                    "dimension": "minecraft:nexus"
                                }
                            }
                        }
                    },
                    {
                        "condition": "minecraft:entity_scores",
                        "entity": "this",
                        "scores": {
                            "lbc.skill": 1
                        }
                    }
                ]
            }
        }
    },
    "rewards": {
        "function": "lbc:swrg_kit_integration/game/skills/frozen_heart"
    }
}