{
    "criteria": {
        "requirement": {
            "trigger": "minecraft:item_durability_changed",
            "conditions": {
                "player": [
                    {
                        "condition": "minecraft:entity_properties",
                        "entity": "this",
                        "predicate": {
                            "nbt": "{SelectedItem:{components:{\"minecraft:custom_data\":{\"steampunk_pickaxe\":true}}}}"
                        }
                    },
                    {
                        "condition": "minecraft:inverted",
                        "term": {
                            "condition": "minecraft:entity_properties",
                            "entity": "this",
                            "predicate": {
                                "location": {
                                    "dimension": "minecraft:nexus"
                                }
                            }
                        }
                    },
                    {
                        "condition": "minecraft:inverted",
                        "term": {
                            "condition": "minecraft:entity_properties",
                            "entity": "this",
                            "predicate": {
                                "nbt": "{playerGameType:3}"
                            }
                        }
                    }
                ]
            }
        }
    },
    "rewards": {
      "function": "lbc:swrg_kit_integration/items/steampunk_pickaxe_use"
    }
}