{
  "display": {
    "icon": {
      "id": "minecraft:carrot_on_a_stick",
      "components": {
        "minecraft:custom_model_data": 511
      }
    },
    "title": {
      "translate": "lbc.adv.upgraded_staff.bass"
    },
    "description": {
      "translate": "lbc.adv.upgraded_staff.bass.lore"
    },
    "frame": "goal",
    "show_toast": true,
    "announce_to_chat": true,
    "hidden": false
  },
  "parent": "lbc:true_advancements/legends/academy/evoker",
  "criteria": {
    "requirement": {
      "trigger": "minecraft:inventory_changed",
      "conditions": {
        "player": [
          {
            "condition": "minecraft:inverted",
            "term": {
              "condition": "minecraft:entity_properties",
              "entity": "this",
              "predicate": {
                "nbt": "{playerGameType:3}"
              }
            }
          }
        ],
        "items": [
          {
            "predicates": {
              "minecraft:custom_data": {
                "upgraded": true,
                "transformable": true,
                "staff": true,
                "bassboost": true
              }
            }
          }
        ]
      }
    }
  },
  "rewards": {
      "function": "lbc:swrg_kit_integration/gain/trinket"
  }
}