{
    "display": {
        "icon": {
            "id": "minecraft:repeating_command_block",
            "components": {
                "minecraft:item_model": "lbc:advancement_icon/academy"
            }
        },
        "title": {
            "translate": "lbc.adv.academy_upgraded"
        },
        "description": {
            "translate": "lbc.adv.academy_upgraded.lore"
        },
        "frame": "task",
        "show_toast": true,
        "announce_to_chat": true,
        "hidden": false
    },
    "parent": "lbc:true_advancements/root",
    "criteria": {
        "requirement": {
            "trigger": "minecraft:inventory_changed",
            "conditions": {
                "player": [
                    {
                        "condition": "minecraft:inverted",
                        "term": {
                            "condition": "minecraft:entity_properties",
                            "entity": "this",
                            "predicate": {
                                "nbt": "{playerGameType:3}"
                            }
                        }
                    }
                ],
                "items": [
                    {
                        "predicates": {
                            "minecraft:custom_data": "{upgraded:1}"
                        }
                    }
                ]
            }
        }
    },
    "rewards": {
        "function": "lbc:swrg_kit_integration/gain/challenge"
    }
}