{
    "display": {
        "icon": {
            "id": "minecraft:netherite_shovel",
            "components": {
                "minecraft:custom_model_data": 603
            }
        },
        "title": {
            "translate": "lbc.adv.shovel.mortis"
        },
        "description": {
            "translate": "lbc.adv.shovel.mortis.lore"
        },
        "frame": "task",
        "show_toast": true,
        "announce_to_chat": true,
        "hidden": false
    },
    "parent": "lbc:true_advancements/shovels/ultra",
    "criteria": {
        "requirement": {
            "trigger": "minecraft:player_killed_entity",
            "conditions": {
                "player": [
                    {
                        "condition": "minecraft:entity_properties",
                        "entity": "this",
                        "predicate": {
                            "equipment": {
                                "mainhand": {
                                    "predicates": {
                                        "minecraft:custom_data": {
                                            "transformable": true,
                                            "shovel": true,
                                            "mortis": true
                                        }
                                    }
                                }
                            }
                        }
                    }
                ],
                "entity": [
                    {
                        "condition": "minecraft:entity_properties",
                        "entity": "this",
                        "predicate": {
                            "type": "minecraft:player"
                        }
                    }
                ]
            }
        }
    }
}