{
    "display": {
        "icon": {
            "id": "minecraft:iron_shovel",
            "components": {"minecraft:enchantment_glint_override": true}
        },
        "title": {
            "translate": "lbc.adv.shovel.ultra"
        },
        "description": {
            "translate": "lbc.adv.shovel.ultra.lore"
        },
        "frame": "task",
        "show_toast": true,
        "announce_to_chat": true,
        "hidden": false
    },
    "parent": "lbc:true_advancements/shovels/randchanted",
    "criteria": {
        "requirement": {
            "trigger": "minecraft:inventory_changed",
            "conditions": {
                "player": [
          {
            "condition": "minecraft:inverted",
            "term": {
              "condition": "minecraft:entity_properties",
              "entity": "this",
              "predicate": {
                "nbt": "{playerGameType:3}"
              }
            }
          }
        ],
                "items": [
                    {
                        "predicates": {
                            "minecraft:enchantments": [
                              {
                                "enchantments": "minecraft:efficiency",
                                "levels": 255
                              }
                            ],
                            "minecraft:custom_data": {
                              "transformable": true,
                              "shovel": true
                            }
                          }
                    }
                ]
            }
        }
    }
}